M_GeV,seesaw_line_NO,seesaw_line_IO,NO_total_lower,NO_total_upper,NO_e_lower,NO_e_upper,NO_mu_lower,NO_mu_upper,NO_tau_lower,NO_tau_upper,IO_total_lower,IO_total_upper,IO_e_lower,IO_e_upper,IO_mu_lower,IO_mu_upper,IO_tau_lower,IO_tau_upper
1.000000e-01,5.871801e-10,9.921311e-10,5.964545e-09,7.502629e-05,3.391435e-11,8.955586e-06,1.276736e-09,6.374977e-05,8.620297e-10,5.038463e-05,6.746463e-09,2.221432e-05,4.022914e-10,2.073904e-05,1.153639e-10,9.434706e-06,2.886084e-10,1.242005e-05
1.035322e-01,5.671475e-10,9.582828e-10,5.458933e-09,7.278527e-05,3.208731e-11,8.688084e-06,1.193372e-09,6.184558e-05,8.063191e-10,4.887965e-05,6.246371e-09,2.131227e-05,3.822727e-10,1.989689e-05,1.102368e-10,9.051591e-06,2.737453e-10,1.191570e-05
1.071891e-01,5.477982e-10,9.255893e-10,4.990051e-09,7.063731e-05,3.034093e-11,8.431690e-06,1.114482e-09,6.002046e-05,7.535650e-10,4.743717e-05,5.778750e-09,2.045037e-05,3.631549e-10,1.909223e-05,1.053190e-10,8.685534e-06,2.595722e-10,1.143382e-05
1.109752e-01,5.291091e-10,8.940112e-10,4.555829e-09,6.857728e-05,2.867362e-11,8.185793e-06,1.039912e-09,5.827005e-05,7.036673e-10,4.605374e-05,5.341838e-09,1.962678e-05,3.449019e-10,1.832334e-05,1.006027e-10,8.335744e-06,2.460607e-10,1.097335e-05
1.148951e-01,5.110576e-10,8.635104e-10,4.154322e-09,6.660003e-05,2.708384e-11,7.949777e-06,9.695140e-10,5.658999e-05,6.565313e-10,4.472589e-05,4.933991e-09,1.883968e-05,3.274799e-10,1.758850e-05,9.608080e-11,8.001450e-06,2.331842e-10,1.053328e-05
1.189534e-01,4.936220e-10,8.340502e-10,3.783690e-09,6.470040e-05,2.557008e-11,7.723026e-06,9.031471e-10,5.497588e-05,6.120660e-10,4.345018e-05,4.553673e-09,1.808730e-05,3.108572e-10,1.688609e-05,9.174635e-11,7.681907e-06,2.209176e-10,1.011262e-05
1.231551e-01,4.767812e-10,8.055951e-10,3.442177e-09,6.287327e-05,2.413079e-11,7.504929e-06,8.406735e-10,5.342337e-05,5.701825e-10,4.222316e-05,4.199431e-09,1.736794e-05,2.950037e-10,1.621451e-05,8.759289e-11,7.376386e-06,2.092375e-10,9.710431e-06
1.275051e-01,4.605149e-10,7.781108e-10,3.128096e-09,6.111357e-05,2.276434e-11,7.294881e-06,7.819576e-10,5.192815e-05,5.307933e-10,4.104141e-05,3.869888e-09,1.667995e-05,2.798911e-10,1.557221e-05,8.361423e-11,7.084188e-06,1.981215e-10,9.325776e-06
1.320088e-01,4.448037e-10,7.515642e-10,2.839818e-09,5.941632e-05,2.146904e-11,7.092287e-06,7.268641e-10,5.048600e-05,4.938103e-10,3.990161e-05,3.563728e-09,1.602173e-05,2.654924e-10,1.495771e-05,7.980451e-11,6.804634e-06,1.875486e-10,8.957765e-06
1.366716e-01,4.296284e-10,7.259232e-10,2.575764e-09,5.777668e-05,2.024310e-11,6.896569e-06,6.752568e-10,4.909279e-05,4.591453e-10,3.880049e-05,3.279687e-09,1.539175e-05,2.517816e-10,1.436956e-05,7.615809e-11,6.537070e-06,1.774983e-10,8.605538e-06
1.414991e-01,4.149709e-10,7.011571e-10,2.334400e-09,5.618995e-05,1.908458e-11,6.707168e-06,6.269983e-10,4.774455e-05,4.267086e-10,3.773491e-05,3.016548e-09,1.478851e-05,2.387339e-10,1.380638e-05,7.266955e-11,6.280868e-06,1.679511e-10,8.268268e-06
1.464971e-01,4.008134e-10,6.772358e-10,2.114234e-09,5.465164e-05,1.799147e-11,6.523545e-06,5.819492e-10,4.643745e-05,3.964092e-10,3.670184e-05,2.773132e-09,1.421060e-05,2.263252e-10,1.326685e-05,6.933365e-11,6.035424e-06,1.588881e-10,7.945160e-06
1.516717e-01,3.871389e-10,6.541307e-10,1.913816e-09,5.315745e-05,1.696159e-11,6.345190e-06,5.399684e-10,4.516784e-05,3.681547e-10,3.569840e-05,2.548297e-09,1.365667e-05,2.145321e-10,1.274971e-05,6.614529e-11,5.800161e-06,1.502911e-10,7.635456e-06
1.570290e-01,3.739310e-10,6.318139e-10,1.731742e-09,5.170334e-05,1.599270e-11,6.171619e-06,5.009130e-10,4.393228e-05,3.418514e-10,3.472188e-05,2.340934e-09,1.312541e-05,2.033319e-10,1.225373e-05,6.309953e-11,5.574529e-06,1.421420e-10,7.338428e-06
1.625756e-01,3.611737e-10,6.102585e-10,1.566655e-09,5.028554e-05,1.508243e-11,6.002382e-06,4.646391e-10,4.272758e-05,3.174045e-10,3.376974e-05,2.149968e-09,1.261559e-05,1.927021e-10,1.177777e-05,6.019151e-11,5.358002e-06,1.344235e-10,7.053388e-06
1.683180e-01,3.488516e-10,5.894384e-10,1.417245e-09,4.890055e-05,1.422835e-11,5.837061e-06,4.310021e-10,4.155075e-05,2.947190e-10,3.283964e-05,1.974355e-09,1.212604e-05,1.826209e-10,1.132073e-05,5.741646e-11,5.150083e-06,1.271182e-10,6.779679e-06
1.742633e-01,3.369499e-10,5.693287e-10,1.282261e-09,4.754517e-05,1.342794e-11,5.675275e-06,3.998576e-10,4.039909e-05,2.736996e-10,3.192942e-05,1.813085e-09,1.165565e-05,1.730666e-10,1.088158e-05,5.476970e-11,4.950302e-06,1.202093e-10,6.516683e-06
1.804186e-01,3.254543e-10,5.499050e-10,1.160506e-09,4.621653e-05,1.267865e-11,5.516681e-06,3.710620e-10,3.927015e-05,2.542515e-10,3.103716e-05,1.665184e-09,1.120337e-05,1.640182e-10,1.045933e-05,5.224661e-11,4.758212e-06,1.136801e-10,6.263812e-06
1.867914e-01,3.143508e-10,5.311440e-10,1.050845e-09,4.491206e-05,1.197790e-11,5.360971e-06,3.444738e-10,3.816174e-05,2.362810e-10,3.016113e-05,1.529713e-09,1.076821e-05,1.554545e-10,1.005308e-05,4.984265e-11,4.573397e-06,1.075143e-10,6.020517e-06
1.933892e-01,3.036262e-10,5.130231e-10,9.522088e-10,4.362950e-05,1.132311e-11,5.207878e-06,3.199538e-10,3.707195e-05,2.196960e-10,2.929982e-05,1.405772e-09,1.034926e-05,1.473550e-10,9.661951e-06,4.755332e-11,4.395463e-06,1.016957e-10,5.786282e-06
2.002200e-01,2.932674e-10,4.955204e-10,8.635902e-10,4.236694e-05,1.071171e-11,5.057171e-06,2.973662e-10,3.599916e-05,2.044065e-10,2.845193e-05,1.292501e-09,9.945650e-06,1.396993e-10,9.285143e-06,4.537419e-11,4.224044e-06,9.620850e-11,5.560622e-06
2.072922e-01,2.832621e-10,4.786149e-10,7.840501e-10,4.112275e-05,1.014115e-11,4.908657e-06,2.765793e-10,3.494196e-05,1.903251e-10,2.761638e-05,1.189079e-09,9.556571e-06,1.324674e-10,8.921904e-06,4.330087e-11,4.058797e-06,9.103705e-11,5.343088e-06
2.146141e-01,2.735981e-10,4.622861e-10,7.127156e-10,3.989560e-05,9.608933e-12,4.762176e-06,2.574662e-10,3.389925e-05,1.773675e-10,2.679227e-05,1.094731e-09,9.181276e-06,1.256396e-10,8.571533e-06,4.132905e-11,3.899405e-06,8.616608e-11,5.133260e-06
2.221947e-01,2.642638e-10,4.465143e-10,6.487798e-10,3.868444e-05,9.112632e-12,4.617605e-06,2.399048e-10,3.287013e-05,1.654524e-10,2.597891e-05,1.008721e-09,8.819071e-06,1.191967e-10,8.233382e-06,3.945449e-11,3.745571e-06,8.158063e-11,4.930751e-06
2.300430e-01,2.552480e-10,4.312807e-10,5.914998e-10,3.748848e-05,8.649884e-12,4.474849e-06,2.237789e-10,3.185393e-05,1.545026e-10,2.517575e-05,9.303594e-10,8.469313e-06,1.131198e-10,7.906852e-06,3.767301e-11,3.597025e-06,7.726608e-11,4.735201e-06
2.381686e-01,2.465397e-10,4.165668e-10,5.401951e-10,3.630718e-05,8.218411e-12,4.333841e-06,2.089778e-10,3.085018e-05,1.444443e-10,2.438244e-05,8.589991e-10,8.131412e-06,1.073904e-10,7.591392e-06,3.598052e-11,3.453514e-06,7.320820e-11,4.546280e-06
2.465811e-01,2.381286e-10,4.023549e-10,4.942450e-10,3.514019e-05,7.816029e-12,4.194542e-06,1.953972e-10,2.985859e-05,1.352080e-10,2.359873e-05,7.940360e-10,7.804822e-06,1.019906e-10,7.286491e-06,3.437299e-11,3.314807e-06,6.939317e-11,4.363684e-06
2.552908e-01,2.300044e-10,3.886278e-10,4.530852e-10,3.398736e-05,7.440651e-12,4.056934e-06,1.829386e-10,2.887903e-05,1.267280e-10,2.282454e-05,7.349080e-10,7.489046e-06,9.690300e-11,6.991686e-06,3.284650e-11,3.180693e-06,6.580757e-11,4.187133e-06
2.643081e-01,2.221574e-10,3.753691e-10,4.162050e-10,3.284870e-05,7.090295e-12,3.921016e-06,1.715099e-10,2.791151e-05,1.189428e-10,2.205986e-05,6.810943e-10,7.183626e-06,9.211065e-11,6.706549e-06,3.139724e-11,3.050977e-06,6.243845e-11,4.016372e-06
2.736440e-01,2.145781e-10,3.625627e-10,3.831431e-10,3.172434e-05,6.763084e-12,3.786807e-06,1.610248e-10,2.695615e-05,1.117947e-10,2.130479e-05,6.321135e-10,6.888144e-06,8.759723e-11,6.430691e-06,3.002146e-11,2.925482e-06,5.927334e-11,3.851168e-06
2.833096e-01,2.072574e-10,3.501933e-10,3.534845e-10,3.061455e-05,6.457249e-12,3.654335e-06,1.514033e-10,2.601316e-05,1.052301e-10,2.055950e-05,5.875223e-10,6.602220e-06,8.334700e-11,6.163755e-06,2.871557e-11,2.804046e-06,5.630023e-11,3.691307e-06
2.933166e-01,2.001865e-10,3.382458e-10,3.268569e-10,2.951965e-05,6.171129e-12,3.523642e-06,1.425707e-10,2.508283e-05,9.919923e-11,1.982421e-05,5.469134e-10,6.325505e-06,7.934481e-11,5.905418e-06,2.747604e-11,2.686522e-06,5.350761e-11,3.536596e-06
3.036771e-01,1.933567e-10,3.267059e-10,3.029267e-10,2.844006e-05,5.903171e-12,3.394775e-06,1.344582e-10,2.416549e-05,9.365588e-11,1.909920e-05,5.099138e-10,6.057684e-06,7.557614e-11,5.655383e-06,2.629950e-11,2.572775e-06,5.088448e-11,3.386857e-06
3.144035e-01,1.867600e-10,3.155598e-10,2.813956e-10,2.737621e-05,5.651926e-12,3.267787e-06,1.270021e-10,2.326154e-05,8.855742e-11,1.838476e-05,4.761824e-10,5.798466e-06,7.202710e-11,5.413381e-06,2.518268e-11,2.462682e-06,4.842034e-11,3.241928e-06
3.255089e-01,1.803884e-10,3.047939e-10,2.619980e-10,2.632858e-05,5.416051e-12,3.142737e-06,1.201438e-10,2.237137e-05,8.386452e-11,1.768121e-05,4.454083e-10,5.547589e-06,6.868441e-11,5.179164e-06,2.412242e-11,2.356131e-06,4.610519e-11,3.101662e-06
3.370064e-01,1.742341e-10,2.943953e-10,2.444969e-10,2.529768e-05,5.194300e-12,3.019682e-06,1.138294e-10,2.149542e-05,7.954100e-11,1.698890e-05,4.173085e-10,5.304810e-06,6.553543e-11,4.952509e-06,2.311571e-11,2.253020e-06,4.392954e-11,2.965924e-06
3.489101e-01,1.682898e-10,2.843515e-10,2.286815e-10,2.428402e-05,4.985523e-12,2.898685e-06,1.080094e-10,2.063411e-05,7.555363e-11,1.630817e-05,3.916258e-10,5.069907e-06,6.256815e-11,4.733206e-06,2.215965e-11,2.153254e-06,4.188440e-11,2.834590e-06
3.612343e-01,1.625483e-10,2.746503e-10,2.143647e-10,2.328810e-05,4.788666e-12,2.779806e-06,1.026385e-10,1.978788e-05,7.187196e-11,1.563935e-05,3.681271e-10,4.842677e-06,5.977117e-11,4.521067e-06,2.125147e-11,2.056746e-06,3.996126e-11,2.707545e-06
3.739937e-01,1.570027e-10,2.652802e-10,2.013802e-10,2.231042e-05,4.602758e-12,2.663105e-06,9.767508e-11,1.895715e-05,6.846807e-11,1.498278e-05,3.466010e-10,4.622929e-06,5.713371e-11,4.315913e-06,2.038851e-11,1.963417e-06,3.815209e-11,2.584684e-06
3.872039e-01,1.516462e-10,2.562297e-10,1.895805e-10,2.135151e-05,4.426914e-12,2.548643e-06,9.308133e-11,1.814236e-05,6.531645e-11,1.433881e-05,3.268564e-10,4.410488e-06,5.464555e-11,4.117580e-06,1.956825e-11,1.873190e-06,3.644932e-11,2.465908e-06
4.008806e-01,1.464726e-10,2.474879e-10,1.788348e-10,2.041185e-05,4.260328e-12,2.436480e-06,8.882259e-11,1.734393e-05,6.239378e-11,1.370777e-05,3.087207e-10,4.205187e-06,5.229708e-11,3.925914e-06,1.878828e-11,1.785996e-06,3.484584e-11,2.351124e-06
4.150405e-01,1.414754e-10,2.390444e-10,1.690270e-10,1.949193e-05,4.102264e-12,2.326674e-06,8.486731e-11,1.656228e-05,5.967881e-11,1.309000e-05,2.920379e-10,4.006872e-06,5.007923e-11,3.740769e-06,1.804632e-11,1.701769e-06,3.333495e-11,2.240246e-06
4.297005e-01,1.366487e-10,2.308890e-10,1.600545e-10,1.859226e-05,3.952058e-12,2.219283e-06,8.118673e-11,1.579783e-05,5.715214e-11,1.248581e-05,2.766674e-10,3.815393e-06,4.798348e-11,3.562006e-06,1.734020e-11,1.620446e-06,3.191039e-11,2.133190e-06
4.448783e-01,1.319867e-10,2.230118e-10,1.518262e-10,1.771331e-05,3.809108e-12,2.114366e-06,7.775471e-11,1.505098e-05,5.479611e-11,1.189554e-05,2.624823e-10,3.630608e-06,4.600182e-11,3.389494e-06,1.666787e-11,1.541965e-06,3.056630e-11,2.029877e-06
4.605922e-01,1.274837e-10,2.154034e-10,1.442614e-10,1.685556e-05,3.672871e-12,2.011981e-06,7.454747e-11,1.432216e-05,5.259465e-11,1.131952e-05,2.493686e-10,3.452380e-06,4.412674e-11,3.223102e-06,1.602737e-11,1.466270e-06,2.929717e-11,1.930229e-06
4.768612e-01,1.231344e-10,2.080545e-10,1.372889e-10,1.601951e-05,3.542857e-12,1.912184e-06,7.154346e-11,1.361176e-05,5.053316e-11,1.075806e-05,2.372234e-10,3.280575e-06,4.235121e-11,3.062707e-06,1.541687e-11,1.393302e-06,2.809790e-11,1.834173e-06
4.937048e-01,1.189335e-10,2.009564e-10,1.308454e-10,1.520561e-05,3.418625e-12,1.815033e-06,6.872314e-11,1.292020e-05,4.859839e-11,1.021148e-05,2.259542e-10,3.115062e-06,4.066865e-11,2.908186e-06,1.483463e-11,1.323006e-06,2.696368e-11,1.741634e-06
5.111433e-01,1.148758e-10,1.941004e-10,1.248749e-10,1.441435e-05,3.299780e-12,1.720582e-06,6.606882e-11,1.224786e-05,4.677833e-11,9.680095e-06,2.154778e-10,2.955712e-06,3.907291e-11,2.759418e-06,1.427902e-11,1.255329e-06,2.589007e-11,1.652542e-06
5.291979e-01,1.109566e-10,1.874783e-10,1.193279e-10,1.364617e-05,3.185963e-12,1.628888e-06,6.356454e-11,1.159514e-05,4.506210e-11,9.164218e-06,2.057196e-10,2.802398e-06,3.755826e-11,2.616286e-06,1.374849e-11,1.190214e-06,2.487291e-11,1.566824e-06
5.478901e-01,1.071712e-10,1.810821e-10,1.141606e-10,1.290152e-05,3.076855e-12,1.540002e-06,6.119594e-11,1.096241e-05,4.343987e-11,8.664140e-06,1.966122e-10,2.654992e-06,3.611934e-11,2.478670e-06,1.324160e-11,1.127609e-06,2.390836e-11,1.484409e-06
5.672426e-01,1.035148e-10,1.749042e-10,1.093344e-10,1.218081e-05,2.972164e-12,1.453974e-06,5.895007e-11,1.035002e-05,4.190279e-11,8.180141e-06,1.880954e-10,2.513369e-06,3.475117e-11,2.346452e-06,1.275698e-11,1.067460e-06,2.299283e-11,1.405227e-06
5.872787e-01,9.998323e-11,1.689370e-10,1.048149e-10,1.148443e-05,2.871629e-12,1.370850e-06,5.681538e-11,9.758308e-06,4.044287e-11,7.712478e-06,1.801151e-10,2.377401e-06,3.344913e-11,2.219513e-06,1.229336e-11,1.009712e-06,2.212299e-11,1.329207e-06
6.080224e-01,9.657212e-11,1.631734e-10,1.005718e-10,1.081272e-05,2.775012e-12,1.290670e-06,5.478152e-11,9.187555e-06,3.905296e-11,7.261384e-06,1.726225e-10,2.246962e-06,3.220889e-11,2.097737e-06,1.184953e-11,9.543131e-07,2.129575e-11,1.256279e-06
6.294989e-01,9.327739e-11,1.576065e-10,9.657850e-11,1.016597e-05,2.682095e-12,1.213471e-06,5.283928e-11,8.638018e-06,3.772667e-11,6.827057e-06,1.655741e-10,2.121924e-06,3.102645e-11,1.981004e-06,1.142438e-11,9.012082e-07,2.050827e-11,1.186370e-06
6.517340e-01,9.009507e-11,1.522295e-10,9.281127e-11,9.544434e-06,2.592679e-12,1.139281e-06,5.098052e-11,8.109898e-06,3.645826e-11,6.409657e-06,1.589308e-10,2.002161e-06,2.989810e-11,1.869194e-06,1.101686e-11,8.503431e-07,1.975790e-11,1.119410e-06
6.747544e-01,8.702131e-11,1.470359e-10,8.924927e-11,8.948276e-06,2.506582e-12,1.068120e-06,4.919805e-11,7.603343e-06,3.524267e-11,6.009302e-06,1.526576e-10,1.887543e-06,2.882041e-11,1.762188e-06,1.062598e-11,8.016636e-07,1.904219e-11,1.055327e-06
6.985880e-01,8.405243e-11,1.420195e-10,8.587407e-11,8.377599e-06,2.423634e-12,1.000000e-06,4.748555e-11,7.118439e-06,3.407541e-11,5.626058e-06,1.467230e-10,1.777943e-06,2.779016e-11,1.659867e-06,1.025082e-11,7.551150e-07,1.835889e-11,9.940498e-07
7.232634e-01,8.118483e-11,1.371743e-10,8.266943e-11,7.832423e-06,2.343678e-12,9.349247e-07,4.583752e-11,6.655203e-06,3.295249e-11,5.259940e-06,1.410989e-10,1.673231e-06,2.680442e-11,1.562109e-06,9.890538e-12,7.106424e-07,1.770589e-11,9.355051e-07
7.488104e-01,7.841506e-11,1.324943e-10,7.962097e-11,7.312683e-06,2.266564e-12,8.728854e-07,4.424915e-11,6.213581e-06,3.187045e-11,4.910903e-06,1.357600e-10,1.573277e-06,2.586046e-11,1.468793e-06,9.544323e-12,6.681908e-07,1.708128e-11,8.796209e-07
7.752597e-01,7.573980e-11,1.279740e-10,7.671601e-11,6.818227e-06,2.192154e-12,8.138642e-07,4.271634e-11,5.793442e-06,3.082625e-11,4.578846e-06,1.306838e-10,1.477952e-06,2.495573e-11,1.379799e-06,9.211434e-12,6.277050e-07,1.648328e-11,8.263246e-07
8.026434e-01,7.315580e-11,1.236080e-10,7.394335e-11,6.348812e-06,2.120317e-12,7.578321e-07,4.123551e-11,5.394581e-06,2.981724e-11,4.263607e-06,1.258500e-10,1.387125e-06,2.408793e-11,1.295004e-06,8.891180e-12,5.891298e-07,1.591024e-11,7.755433e-07
8.309942e-01,7.065996e-11,1.193909e-10,7.129308e-11,5.904108e-06,2.050929e-12,7.047495e-07,3.980366e-11,5.016716e-06,2.884113e-11,3.964961e-06,1.212406e-10,1.300667e-06,2.325488e-11,1.214288e-06,8.582915e-12,5.524100e-07,1.536067e-11,7.272045e-07
8.603464e-01,6.824927e-11,1.153176e-10,6.875641e-11,5.483693e-06,1.983870e-12,6.545663e-07,3.841821e-11,4.659490e-06,2.789595e-11,3.682627e-06,1.168391e-10,1.218447e-06,2.245460e-11,1.137528e-06,8.286039e-12,5.174902e-07,1.483316e-11,6.812353e-07
8.907355e-01,6.592082e-11,1.113834e-10,6.632556e-11,5.087065e-06,1.919030e-12,6.072224e-07,3.707698e-11,4.322475e-06,2.698003e-11,3.416268e-06,1.126311e-10,1.140336e-06,2.168526e-11,1.064604e-06,7.999996e-12,4.843152e-07,1.432644e-11,6.375631e-07
9.221979e-01,6.367182e-11,1.075833e-10,6.399361e-11,4.713641e-06,1.856302e-12,5.626483e-07,3.577816e-11,4.005177e-06,2.609192e-11,3.165492e-06,1.086034e-10,1.066203e-06,2.094517e-11,9.953948e-07,7.724267e-12,4.528301e-07,1.383933e-11,5.961153e-07
9.547716e-01,6.149954e-11,1.039129e-10,6.175390e-11,4.362785e-06,1.795572e-12,5.207680e-07,3.451992e-11,3.707055e-06,2.523019e-11,2.929871e-06,1.047439e-10,9.959206e-07,2.023274e-11,9.297799e-07,7.458361e-12,4.229802e-07,1.337071e-11,5.568203e-07
9.884959e-01,5.940137e-11,1.003678e-10,5.960157e-11,4.033753e-06,1.736762e-12,4.814928e-07,3.330133e-11,3.427477e-06,2.439408e-11,2.708906e-06,1.010425e-10,9.293582e-07,1.954656e-11,8.676380e-07,7.201844e-12,3.947103e-07,1.291963e-11,5.196052e-07
1.023411e+00,5.737479e-11,9.694353e-11,5.753167e-11,3.725775e-06,1.679782e-12,4.447307e-07,3.212125e-11,3.165788e-06,2.358267e-11,2.502080e-06,9.748960e-11,8.663878e-07,1.888531e-11,8.088495e-07,6.954298e-12,3.679659e-07,1.248516e-11,4.843984e-07
1.059560e+00,5.541735e-11,9.363613e-11,5.553973e-11,3.438032e-06,1.624545e-12,4.103840e-07,3.097873e-11,2.921293e-06,2.279520e-11,2.308844e-06,9.407659e-11,8.068819e-07,1.824777e-11,7.532956e-07,6.715336e-12,3.426931e-07,1.206645e-11,4.511286e-07
1.096986e+00,5.352669e-11,9.044157e-11,5.362172e-11,3.169669e-06,1.570974e-12,3.783506e-07,2.987290e-11,2.693265e-06,2.203101e-11,2.128622e-06,9.079562e-11,7.507141e-07,1.763279e-11,7.008579e-07,6.484597e-12,3.188378e-07,1.166272e-11,4.197251e-07
1.135733e+00,5.170053e-11,8.735599e-11,5.177398e-11,2.919803e-06,1.518993e-12,3.485251e-07,2.880300e-11,2.480954e-06,2.128952e-11,1.960822e-06,8.763959e-11,6.977584e-07,1.703935e-11,6.514191e-07,6.261747e-12,2.963469e-07,1.127324e-11,3.901175e-07
1.175850e+00,4.993667e-11,8.437569e-11,4.999316e-11,2.687534e-06,1.468534e-12,3.208001e-07,2.776831e-11,2.283596e-06,2.057021e-11,1.804840e-06,8.460202e-11,6.478903e-07,1.646646e-11,6.048628e-07,6.046473e-12,2.751673e-07,1.089736e-11,3.622362e-07
1.217383e+00,4.823299e-11,8.149706e-11,4.827621e-11,2.471952e-06,1.419535e-12,2.950669e-07,2.676817e-11,2.100416e-06,1.987263e-11,1.660063e-06,8.167702e-11,6.009861e-07,1.591324e-11,5.610736e-07,5.838483e-12,2.552465e-07,1.053446e-11,3.360120e-07
1.260383e+00,4.658744e-11,7.871664e-11,4.662031e-11,2.272146e-06,1.371937e-12,2.712169e-07,2.580190e-11,1.930640e-06,1.919634e-11,1.525882e-06,7.885917e-11,5.569235e-07,1.537885e-11,5.199373e-07,5.637504e-12,2.365325e-07,1.018397e-11,3.113766e-07
1.304902e+00,4.499803e-11,7.603109e-11,4.502287e-11,2.087211e-06,1.325689e-12,2.491420e-07,2.486886e-11,1.773502e-06,1.854092e-11,1.401687e-06,7.614351e-11,5.155816e-07,1.486252e-11,4.813410e-07,5.443281e-12,2.189741e-07,9.845352e-12,2.882623e-07
1.350994e+00,4.346284e-11,7.343715e-11,4.348146e-11,1.916258e-06,1.280744e-12,2.287360e-07,2.396836e-11,1.628243e-06,1.790600e-11,1.286882e-06,7.352546e-11,4.768408e-07,1.436354e-11,4.451730e-07,5.255574e-12,2.025204e-07,9.518127e-12,2.666022e-07
1.398713e+00,4.198003e-11,7.093171e-11,4.199383e-11,1.758414e-06,1.237059e-12,2.098948e-07,2.309972e-11,1.494123e-06,1.729117e-11,1.180880e-06,7.100077e-11,4.405834e-07,1.388123e-11,4.113235e-07,5.074159e-12,1.871214e-07,9.201833e-12,2.463307e-07
1.448118e+00,4.054780e-11,6.851175e-11,4.055789e-11,1.612833e-06,1.194598e-12,1.925173e-07,2.226223e-11,1.370423e-06,1.669605e-11,1.083113e-06,6.856550e-11,4.066933e-07,1.341496e-11,3.796841e-07,4.898822e-12,1.727278e-07,8.896045e-12,2.273827e-07
1.499268e+00,3.916444e-11,6.617435e-11,3.917168e-11,1.478696e-06,1.153327e-12,1.765059e-07,2.145514e-11,1.256447e-06,1.612025e-11,9.930325e-07,6.621598e-11,3.750565e-07,1.296416e-11,3.501484e-07,4.729363e-12,1.592913e-07,8.600363e-12,2.096945e-07
1.552225e+00,3.782828e-11,6.391670e-11,3.783335e-11,1.355216e-06,1.113218e-12,1.617667e-07,2.067770e-11,1.151526e-06,1.556336e-11,9.101088e-07,6.394876e-11,3.455610e-07,1.252826e-11,3.226117e-07,4.565590e-12,1.467642e-07,8.314412e-12,1.932036e-07
1.607053e+00,3.653770e-11,6.173606e-11,3.654112e-11,1.241642e-06,1.074243e-12,1.482099e-07,1.992910e-11,1.055023e-06,1.502498e-11,8.338371e-07,6.176063e-11,3.180971e-07,1.210675e-11,2.969718e-07,4.407324e-12,1.350999e-07,8.037839e-12,1.778485e-07
1.663817e+00,3.529115e-11,5.962983e-11,3.529332e-11,1.137258e-06,1.036382e-12,1.357499e-07,1.920853e-11,9.663270e-07,1.450467e-11,7.637365e-07,5.964852e-11,2.925576e-07,1.169912e-11,2.731283e-07,4.254389e-12,1.242529e-07,7.770313e-12,1.635693e-07
1.722586e+00,3.408713e-11,5.759545e-11,3.408837e-11,1.041384e-06,9.996114e-13,1.243058e-07,1.851513e-11,8.848629e-07,1.400199e-11,6.993514e-07,5.760959e-11,2.688377e-07,1.130492e-11,2.509838e-07,4.106622e-12,1.141788e-07,7.511517e-12,1.503075e-07
1.783431e+00,3.292419e-11,5.563048e-11,3.292473e-11,9.533797e-07,9.639147e-13,1.138011e-07,1.784804e-11,8.100859e-07,1.351648e-11,6.402514e-07,5.564109e-11,2.468357e-07,1.092370e-11,2.304429e-07,3.963863e-12,1.048343e-07,7.261153e-12,1.380061e-07
1.846425e+00,3.180092e-11,5.373255e-11,3.180105e-11,8.726426e-07,9.292748e-13,1.041638e-07,1.720641e-11,7.414837e-07,1.304771e-11,5.860316e-07,5.374044e-11,2.264524e-07,1.055504e-11,2.114133e-07,3.825960e-12,9.617725e-08,7.018937e-12,1.266098e-07
1.911644e+00,3.071598e-11,5.189937e-11,3.071598e-11,7.986076e-07,8.956761e-13,9.532657e-08,1.658934e-11,6.785762e-07,1.259520e-11,5.363127e-07,5.190518e-11,2.075920e-07,1.019852e-11,1.938055e-07,3.692764e-12,8.816699e-08,6.784598e-12,1.160649e-07
1.979167e+00,2.966805e-11,5.012873e-11,2.966805e-11,7.307468e-07,8.631029e-13,8.722630e-08,1.599594e-11,6.209150e-07,1.215846e-11,4.907401e-07,5.013297e-11,1.901617e-07,9.853753e-12,1.775327e-07,3.564133e-12,8.076411e-08,6.557875e-12,1.063196e-07
2.049075e+00,2.865587e-11,4.841850e-11,2.865587e-11,6.685680e-07,8.315402e-13,7.980427e-08,1.542530e-11,5.680817e-07,1.173699e-11,4.489834e-07,4.842155e-11,1.740720e-07,9.520373e-12,1.625116e-07,3.439929e-12,7.393062e-08,6.338521e-12,9.732388e-08
2.121452e+00,2.767822e-11,4.676661e-11,2.767822e-11,6.116132e-07,8.009734e-13,7.300580e-08,1.487655e-11,5.196872e-07,1.133032e-11,4.107347e-07,4.676878e-11,1.592370e-07,9.198015e-12,1.486618e-07,3.320017e-12,6.762999e-08,6.126298e-12,8.902960e-08
2.196385e+00,2.673393e-11,4.517109e-11,2.673393e-11,5.594568e-07,7.713880e-13,6.678011e-08,1.434882e-11,4.753700e-07,1.093796e-11,3.757087e-07,4.517260e-11,1.455741e-07,8.886332e-12,1.359062e-07,3.204266e-12,6.182717e-08,5.920975e-12,8.139063e-08
2.273966e+00,2.582186e-11,4.363000e-11,2.582186e-11,5.117052e-07,7.427690e-13,6.108019e-08,1.384126e-11,4.347955e-07,1.055942e-11,3.436406e-07,4.363103e-11,1.330042e-07,8.584986e-12,1.241712e-07,3.092549e-12,5.648860e-08,5.722331e-12,7.436283e-08
2.354286e+00,2.494090e-11,4.214148e-11,2.494090e-11,4.679942e-07,7.151010e-13,5.586258e-08,1.335303e-11,3.976543e-07,1.019424e-11,3.142860e-07,4.214217e-11,1.214522e-07,8.293652e-12,1.133863e-07,2.984741e-12,5.158229e-08,5.530155e-12,6.790406e-08
2.437444e+00,2.408999e-11,4.070375e-11,2.408999e-11,4.279876e-07,6.883679e-13,5.108716e-08,1.288334e-11,3.636607e-07,9.841942e-12,2.874192e-07,4.070420e-11,1.108461e-07,8.012015e-12,1.034847e-07,2.880720e-12,4.707778e-08,5.344240e-12,6.197421e-08
2.523539e+00,2.326812e-11,3.931507e-11,2.326812e-11,3.913757e-07,6.625528e-13,4.671693e-08,1.243140e-11,3.325516e-07,9.502065e-12,2.628321e-07,3.931535e-11,1.011181e-07,7.739769e-12,9.440263e-08,2.780368e-12,4.294613e-08,5.164386e-12,5.653522e-08
2.612675e+00,2.247429e-11,3.797376e-11,2.247429e-11,3.578732e-07,6.376381e-13,4.271788e-08,1.199644e-11,3.040846e-07,9.174158e-12,2.403332e-07,3.797393e-11,9.220342e-08,7.476617e-12,8.608003e-08,2.683567e-12,3.915997e-08,4.990404e-12,5.155104e-08
2.704960e+00,2.170754e-11,3.667822e-11,2.170754e-11,3.272180e-07,6.136051e-13,3.905870e-08,1.157776e-11,2.780369e-07,8.857780e-12,2.197464e-07,3.667831e-11,8.404137e-08,7.222271e-12,7.846003e-08,2.590205e-12,3.569344e-08,4.822105e-12,4.698762e-08
2.800504e+00,2.096695e-11,3.542688e-11,2.096695e-11,2.991694e-07,5.904347e-13,3.571064e-08,1.117464e-11,2.542040e-07,8.552504e-12,2.009101e-07,3.542693e-11,7.657452e-08,6.976451e-12,7.148907e-08,2.500169e-12,3.252218e-08,4.659311e-12,4.281290e-08
2.899423e+00,2.025162e-11,3.421823e-11,2.025162e-11,2.735063e-07,5.681068e-13,3.264735e-08,1.078643e-11,2.323981e-07,8.257912e-12,1.836758e-07,3.421825e-11,6.974899e-08,6.738885e-12,6.511683e-08,2.413350e-12,2.962328e-08,4.501847e-12,3.899674e-08
3.001836e+00,1.956070e-11,3.305081e-11,1.956070e-11,2.500264e-07,5.466006e-13,2.984464e-08,1.041248e-11,2.124472e-07,7.973603e-12,1.679076e-07,3.305082e-11,6.351424e-08,6.509308e-12,5.929614e-08,2.329641e-12,2.697531e-08,4.349546e-12,3.551088e-08
3.107866e+00,1.889335e-11,3.192323e-11,1.889335e-11,2.285439e-07,5.258947e-13,2.728037e-08,1.005219e-11,1.941936e-07,7.699187e-12,1.534809e-07,3.192323e-11,5.782301e-08,6.287465e-12,5.398288e-08,2.248938e-12,2.455817e-08,4.202243e-12,3.232891e-08
3.217642e+00,1.824877e-11,3.083411e-11,1.824877e-11,2.088887e-07,5.059671e-13,2.493421e-08,9.704976e-12,1.774926e-07,7.434289e-12,1.402812e-07,3.083411e-11,5.263121e-08,6.073105e-12,4.913586e-08,2.171137e-12,2.235314e-08,4.059781e-12,2.942616e-08
3.331295e+00,1.762618e-11,2.978215e-11,1.762618e-11,1.909049e-07,4.867955e-13,2.278756e-08,9.370299e-12,1.622118e-07,7.178548e-12,1.282041e-07,2.978215e-11,4.789775e-08,5.865987e-12,4.471677e-08,2.096140e-12,2.034278e-08,3.922007e-12,2.677968e-08
3.448962e+00,1.702484e-11,2.876608e-11,1.702484e-11,1.744501e-07,4.683571e-13,2.082340e-08,9.047634e-12,1.482301e-07,6.931616e-12,1.171536e-07,2.876608e-11,4.358450e-08,5.665875e-12,4.068996e-08,2.023848e-12,1.851089e-08,3.788774e-12,2.436814e-08
3.570786e+00,1.644400e-11,2.778467e-11,1.644400e-11,1.593939e-07,4.506290e-13,1.902621e-08,8.736490e-12,1.354369e-07,6.693163e-12,1.070425e-07,2.778467e-11,3.965607e-08,5.472541e-12,3.702242e-08,1.954166e-12,1.684243e-08,3.659938e-12,2.217174e-08
3.696913e+00,1.588299e-11,2.683675e-11,1.588299e-11,1.456175e-07,4.335883e-13,1.738177e-08,8.436399e-12,1.237311e-07,6.462868e-12,9.779083e-08,2.683675e-11,3.607969e-08,5.285763e-12,3.368356e-08,1.887001e-12,1.532350e-08,3.535361e-12,2.017219e-08
3.827494e+00,1.534111e-11,2.592116e-11,1.534111e-11,1.330120e-07,4.172121e-13,1.587711e-08,8.146913e-12,1.130202e-07,6.240421e-12,8.932552e-08,2.592116e-11,3.282513e-08,5.105327e-12,3.064514e-08,1.822261e-12,1.394124e-08,3.414909e-12,1.835256e-08
3.962689e+00,1.481772e-11,2.503682e-11,1.481772e-11,1.214782e-07,4.014776e-13,1.450036e-08,7.867606e-12,1.032199e-07,6.025526e-12,8.157984e-08,2.503682e-11,2.986446e-08,4.931024e-12,2.788109e-08,1.759859e-12,1.268381e-08,3.298452e-12,1.669724e-08
4.102658e+00,1.431219e-11,2.418264e-11,1.431219e-11,1.109251e-07,3.863622e-13,1.324068e-08,7.598072e-12,9.425294e-08,5.817899e-12,7.449280e-08,2.418264e-11,2.717199e-08,4.762651e-12,2.536743e-08,1.699708e-12,1.154028e-08,3.185866e-12,1.519188e-08
4.247572e+00,1.382390e-11,2.335761e-11,1.382390e-11,1.012697e-07,3.718435e-13,1.208815e-08,7.337931e-12,8.604876e-08,5.617268e-12,6.800862e-08,2.335761e-11,2.472409e-08,4.600014e-12,2.308210e-08,1.641724e-12,1.050063e-08,3.077028e-12,1.382325e-08
4.397604e+00,1.335228e-11,2.256072e-11,1.335228e-11,9.243607e-08,3.578996e-13,1.103372e-08,7.086819e-12,7.854285e-08,5.423375e-12,6.207633e-08,2.256072e-11,2.249906e-08,4.442921e-12,2.100484e-08,1.585827e-12,9.555629e-09,2.971822e-12,1.257924e-08
4.552935e+00,1.289674e-11,2.179102e-11,1.289674e-11,8.435487e-08,3.445087e-13,1.006910e-08,6.844395e-12,7.167626e-08,5.235974e-12,5.664932e-08,2.179102e-11,2.047702e-08,4.291190e-12,1.911708e-08,1.531937e-12,8.696840e-09,2.870135e-12,1.144871e-08
4.713753e+00,1.245674e-11,2.104758e-11,1.245674e-11,7.696267e-08,3.316498e-13,9.186724e-09,6.610329e-12,6.539512e-08,5.054829e-12,5.168502e-08,2.104758e-11,1.863973e-08,4.144642e-12,1.740181e-08,1.479978e-12,7.916521e-09,2.771855e-12,1.042148e-08
4.880252e+00,1.203176e-11,2.032951e-11,1.203176e-11,7.020150e-08,3.193021e-13,8.379670e-09,6.384311e-12,5.965015e-08,4.879712e-12,4.714449e-08,2.032951e-11,1.697054e-08,4.003104e-12,1.584347e-08,1.429875e-12,7.207594e-09,2.676878e-12,9.488235e-09
5.052631e+00,1.162127e-11,1.963593e-11,1.162127e-11,6.401836e-08,3.074456e-13,7.641614e-09,6.166040e-12,5.439635e-08,4.710410e-12,4.299214e-08,1.963593e-11,1.545421e-08,3.866410e-12,1.442785e-08,1.381558e-12,6.563589e-09,2.585100e-12,8.640453e-09
5.231099e+00,1.122479e-11,1.896602e-11,1.122479e-11,5.836478e-08,2.960606e-13,6.966769e-09,5.955233e-12,4.959250e-08,4.546714e-12,3.919543e-08,1.896602e-11,1.407684e-08,3.734398e-12,1.314195e-08,1.334957e-12,5.978601e-09,2.496422e-12,7.870361e-09
5.415871e+00,1.084184e-11,1.831896e-11,1.084184e-11,5.319642e-08,2.851282e-13,6.349842e-09,5.751617e-12,4.520095e-08,4.388429e-12,3.572456e-08,1.831896e-11,1.282573e-08,3.606911e-12,1.197393e-08,1.290004e-12,5.447241e-09,2.410747e-12,7.170868e-09
5.607170e+00,1.047195e-11,1.769397e-11,1.047195e-11,4.847269e-08,2.746301e-13,5.785990e-09,5.554930e-12,4.118721e-08,4.235365e-12,3.255230e-08,1.769397e-11,1.168933e-08,3.483799e-12,1.091300e-08,1.246636e-12,4.964599e-09,2.327982e-12,6.535507e-09
5.805226e+00,1.011468e-11,1.709031e-11,1.011468e-11,4.415646e-08,2.645485e-13,5.270778e-09,5.364924e-12,3.751970e-08,4.087342e-12,2.965369e-08,1.709031e-11,1.065711e-08,3.364915e-12,9.949330e-09,1.204790e-12,4.526200e-09,2.248035e-12,5.958389e-09
6.010277e+00,9.769602e-12,1.650725e-11,9.769602e-12,4.021368e-08,2.548664e-13,4.800145e-09,5.181357e-12,3.416953e-08,3.944189e-12,2.700588e-08,1.650725e-11,9.719473e-09,3.250118e-12,9.073963e-09,1.164406e-12,4.127974e-09,2.170820e-12,5.434155e-09
6.222571e+00,9.436295e-12,1.594407e-11,9.436295e-12,3.661319e-08,2.455672e-13,4.370369e-09,5.004000e-12,3.111019e-08,3.805739e-12,2.458794e-08,1.594407e-11,8.867700e-09,3.139269e-12,8.278758e-09,1.125427e-12,3.766214e-09,2.096249e-12,4.957927e-09
6.442364e+00,9.114359e-12,1.540011e-11,9.114359e-12,3.332640e-08,2.366351e-13,3.978037e-09,4.832631e-12,2.831741e-08,3.671837e-12,2.238066e-08,1.540011e-11,8.093858e-09,3.032237e-12,7.556308e-09,1.087797e-12,3.437554e-09,2.024241e-12,4.525271e-09
6.669920e+00,8.803407e-12,1.487471e-11,8.803407e-12,3.032710e-08,2.280549e-13,3.620023e-09,4.667040e-12,2.576891e-08,3.542332e-12,2.036645e-08,1.487471e-11,7.390738e-09,2.928893e-12,6.899884e-09,1.051464e-12,3.138930e-09,1.954716e-12,4.132156e-09
6.905514e+00,8.503063e-12,1.436723e-11,8.503063e-12,2.759123e-08,2.198120e-13,3.293454e-09,4.507021e-12,2.344424e-08,3.417081e-12,1.852915e-08,1.436723e-11,6.751790e-09,2.829113e-12,6.303370e-09,1.016375e-12,2.867561e-09,1.887593e-12,3.774920e-09
7.149429e+00,8.212966e-12,1.387707e-11,8.212966e-12,2.509672e-08,2.118923e-13,2.995694e-09,4.352379e-12,2.132466e-08,3.295945e-12,1.685394e-08,1.387707e-11,6.171067e-09,2.732776e-12,5.761213e-09,9.824836e-13,2.620920e-09,1.822798e-12,3.450237e-09
7.401960e+00,7.932766e-12,1.340363e-11,7.932766e-12,2.282329e-08,2.042823e-13,2.724324e-09,4.202926e-12,1.939293e-08,3.178794e-12,1.532720e-08,1.340363e-11,5.643165e-09,2.639768e-12,5.268371e-09,9.497415e-13,2.396714e-09,1.760257e-12,3.155087e-09
7.663411e+00,7.662125e-12,1.294634e-11,7.662125e-12,2.075230e-08,1.969690e-13,2.477119e-09,4.058480e-12,1.763321e-08,3.065503e-12,1.393641e-08,1.294634e-11,5.163184e-09,2.549974e-12,4.820266e-09,9.181043e-13,2.192860e-09,1.699897e-12,2.886729e-09
7.934097e+00,7.400718e-12,1.250465e-11,7.400718e-12,1.886664e-08,1.899402e-13,2.252035e-09,3.918867e-12,1.603097e-08,2.955950e-12,1.267007e-08,1.250465e-11,4.726673e-09,2.463285e-12,4.412745e-09,8.875293e-13,2.007468e-09,1.641648e-12,2.642675e-09
8.214344e+00,7.148230e-12,1.207803e-11,7.148230e-12,1.715056e-08,1.831838e-13,2.047193e-09,3.783920e-12,1.457281e-08,2.850021e-12,1.151762e-08,1.207803e-11,4.329596e-09,2.379598e-12,4.042039e-09,8.579756e-13,1.838825e-09,1.585441e-12,2.420669e-09
8.504489e+00,6.904355e-12,1.166597e-11,6.904355e-12,1.558959e-08,1.766884e-13,1.860866e-09,3.653478e-12,1.324646e-08,2.747605e-12,1.046933e-08,1.166597e-11,3.968293e-09,2.298809e-12,3.704731e-09,8.294041e-13,1.685375e-09,1.531211e-12,2.218664e-09
8.804884e+00,6.668801e-12,1.126796e-11,6.668801e-12,1.417041e-08,1.704432e-13,1.691465e-09,3.527387e-12,1.204059e-08,2.648597e-12,9.516276e-09,1.126796e-11,3.639442e-09,2.220819e-12,3.397719e-09,8.017777e-13,1.545708e-09,1.478893e-12,2.034803e-09
9.115888e+00,6.441283e-12,1.088354e-11,6.441283e-12,1.288081e-08,1.644377e-13,1.537530e-09,3.405499e-12,1.094481e-08,2.552895e-12,8.650230e-09,1.088354e-11,3.340032e-09,2.145534e-12,3.118194e-09,7.750607e-13,1.418545e-09,1.428423e-12,1.867403e-09
9.437878e+00,6.221527e-12,1.051223e-11,6.221527e-12,1.170952e-08,1.586618e-13,1.397718e-09,3.287671e-12,9.949569e-09,2.460400e-12,7.863640e-09,1.051223e-11,3.067334e-09,2.072860e-12,2.863607e-09,7.492194e-13,1.302726e-09,1.379740e-12,1.714938e-09
9.771242e+00,6.009269e-12,1.015358e-11,6.009269e-12,1.064621e-08,1.531059e-13,1.270795e-09,3.173766e-12,9.046074e-09,2.371020e-12,7.149563e-09,1.015358e-11,2.818872e-09,2.002708e-12,2.631646e-09,7.242215e-13,1.197201e-09,1.332785e-12,1.576022e-09
1.011638e+01,5.804252e-12,9.807176e-12,5.804252e-12,9.681375e-09,1.477608e-13,1.155626e-09,3.063655e-12,8.226254e-09,2.284664e-12,6.501619e-09,9.807176e-12,2.592403e-09,1.934991e-12,2.420217e-09,7.000361e-13,1.101017e-09,1.287498e-12,1.449404e-09
1.047371e+01,5.606229e-12,9.472587e-12,5.606229e-12,8.806287e-09,1.426177e-13,1.051171e-09,2.957210e-12,7.482693e-09,2.201244e-12,5.913945e-09,9.472587e-12,2.385894e-09,1.869625e-12,2.227424e-09,6.766340e-13,1.013311e-09,1.243823e-12,1.333944e-09
1.084366e+01,5.414963e-12,9.149412e-12,5.414963e-12,8.012937e-09,1.376681e-13,9.564716e-10,2.854313e-12,6.808584e-09,2.120677e-12,5.381163e-09,9.149412e-12,2.197503e-09,1.806529e-12,2.051544e-09,6.539873e-13,9.332984e-10,1.201706e-12,1.228615e-09
1.122668e+01,5.230222e-12,8.837264e-12,5.230222e-12,7.293905e-09,1.329040e-13,8.706436e-10,2.754846e-12,6.197623e-09,2.042879e-12,4.898290e-09,8.837264e-12,2.025552e-09,1.745624e-12,1.891013e-09,6.320694e-13,8.602692e-10,1.161092e-12,1.132477e-09
1.162322e+01,5.051784e-12,8.535765e-12,5.051784e-12,6.642510e-09,1.283175e-13,7.928893e-10,2.658700e-12,5.644133e-09,1.967772e-12,4.460840e-09,8.535765e-12,1.868536e-09,1.686835e-12,1.744424e-09,6.108551e-13,7.935822e-10,1.121928e-12,1.044689e-09
1.203378e+01,4.879433e-12,8.244552e-12,4.879433e-12,6.052580e-09,1.239013e-13,7.224716e-10,2.565769e-12,5.142870e-09,1.895280e-12,4.064666e-09,8.244552e-12,1.725081e-09,1.630087e-12,1.610497e-09,5.903201e-13,7.326553e-10,1.084165e-12,9.644836e-10
1.245883e+01,4.712962e-12,7.963275e-12,4.712962e-12,5.518463e-09,1.196482e-13,6.587163e-10,2.475950e-12,4.689031e-09,1.825328e-12,3.705975e-09,7.963275e-12,1.593946e-09,1.575310e-12,1.488071e-09,5.704413e-13,6.769608e-10,1.047753e-12,8.911661e-10
1.289890e+01,4.552171e-12,7.691593e-12,4.552171e-12,5.034993e-09,1.155514e-13,6.010065e-10,2.389146e-12,4.278228e-09,1.757844e-12,3.381297e-09,7.691593e-12,1.474005e-09,1.522434e-12,1.376096e-09,5.511968e-13,6.260205e-10,1.012643e-12,8.241073e-10
1.335452e+01,4.396866e-12,7.429181e-12,4.396866e-12,4.597451e-09,1.116045e-13,5.487788e-10,2.305264e-12,3.906448e-09,1.692756e-12,3.087461e-09,7.429181e-12,1.364239e-09,1.471393e-12,1.273620e-09,5.325657e-13,5.794015e-10,9.787900e-13,7.627370e-10
1.382622e+01,4.246859e-12,7.175721e-12,4.246859e-12,4.201528e-09,1.078012e-13,5.015190e-10,2.224213e-12,3.570032e-09,1.629997e-12,2.821575e-09,7.175721e-12,1.263723e-09,1.422123e-12,1.179780e-09,5.145279e-13,5.367112e-10,9.461480e-13,7.065386e-10
1.431459e+01,4.101970e-12,6.930909e-12,4.101970e-12,3.843296e-09,1.041355e-13,4.587584e-10,2.145907e-12,3.265644e-09,1.569499e-12,2.581001e-09,6.930909e-12,1.171620e-09,1.374561e-12,1.093794e-09,4.970642e-13,4.975941e-10,9.146734e-13,6.550439e-10
1.482021e+01,3.962024e-12,6.694449e-12,3.962024e-12,3.519180e-09,1.006017e-13,4.200700e-10,2.070262e-12,2.990242e-09,1.511195e-12,2.363338e-09,6.694449e-12,1.087171e-09,1.328647e-12,1.014954e-09,4.801564e-13,4.617278e-10,8.843237e-13,6.078287e-10
1.534368e+01,3.826852e-12,6.466056e-12,3.826852e-12,3.225924e-09,9.719438e-14,3.850652e-10,1.997197e-12,2.741063e-09,1.455021e-12,2.166399e-09,6.466056e-12,1.009689e-09,1.284322e-12,9.426179e-10,4.637869e-13,4.288204e-10,8.550577e-13,5.645087e-10
1.588565e+01,3.696293e-12,6.245455e-12,3.696293e-12,2.960572e-09,9.390832e-14,3.533912e-10,1.926636e-12,2.515594e-09,1.400914e-12,1.988199e-09,6.245455e-12,9.385506e-10,1.241532e-12,8.762042e-10,4.479389e-13,3.986071e-10,8.268358e-13,5.247353e-10
1.644676e+01,3.570187e-12,6.032380e-12,3.570187e-12,2.720437e-09,9.073855e-14,3.247273e-10,1.858502e-12,2.311551e-09,1.348811e-12,1.826934e-09,6.032380e-12,8.731908e-10,1.200220e-12,8.151854e-10,4.325963e-13,3.708481e-10,7.996192e-13,4.881928e-10
1.702769e+01,3.448384e-12,5.826575e-12,3.448384e-12,2.503084e-09,8.768030e-14,2.987827e-10,1.792723e-12,2.126866e-09,1.298651e-12,1.680969e-09,5.826575e-12,8.130976e-10,1.160336e-12,7.590834e-10,4.177436e-13,3.453259e-10,7.733709e-13,4.545948e-10
1.762914e+01,3.330736e-12,5.627791e-12,3.330736e-12,2.306305e-09,8.472905e-14,2.752940e-10,1.729228e-12,1.959664e-09,1.250375e-12,1.548820e-09,5.627791e-12,7.578064e-10,1.121828e-12,7.074645e-10,4.033659e-13,3.218432e-10,7.480548e-13,4.236816e-10
1.825183e+01,3.217102e-12,5.435789e-12,3.217102e-12,2.128102e-09,8.188047e-14,2.540227e-10,1.667948e-12,1.808245e-09,1.203921e-12,1.429146e-09,5.435789e-12,7.068960e-10,1.084647e-12,6.599354e-10,3.894489e-13,3.002210e-10,7.236360e-13,3.952177e-10
1.889652e+01,3.107345e-12,5.250337e-12,3.107345e-12,1.966666e-09,7.913043e-14,2.347528e-10,1.608818e-12,1.671073e-09,1.159234e-12,1.320733e-09,5.250337e-12,6.599842e-10,1.048746e-12,6.161394e-10,3.759788e-13,2.802971e-10,7.000811e-13,3.689895e-10
1.956398e+01,3.001332e-12,5.071212e-12,3.001332e-12,1.820364e-09,7.647498e-14,2.172893e-10,1.551771e-12,1.546760e-09,1.116255e-12,1.222482e-09,5.071212e-12,6.167241e-10,1.014079e-12,5.757526e-10,3.629422e-13,2.619242e-10,6.773576e-13,3.448029e-10
2.025502e+01,2.898936e-12,4.898199e-12,2.898936e-12,1.687719e-09,7.391040e-14,2.014559e-10,1.496744e-12,1.434052e-09,1.074929e-12,1.133403e-09,4.898199e-12,5.768008e-10,9.806037e-13,5.384809e-10,3.503263e-13,2.449684e-10,6.554342e-13,3.224819e-10
2.097046e+01,2.800034e-12,4.731088e-12,2.800034e-12,1.567397e-09,7.143311e-14,1.870937e-10,1.443675e-12,1.331815e-09,1.035199e-12,1.052600e-09,4.731088e-12,5.399282e-10,9.482760e-13,5.040574e-10,3.381187e-13,2.293082e-10,6.342809e-13,3.018665e-10
2.171118e+01,2.704506e-12,4.569679e-12,2.704506e-12,1.458197e-09,6.903970e-14,1.740589e-10,1.392504e-12,1.239028e-09,9.970109e-13,9.792654e-10,4.569679e-12,5.058464e-10,9.170556e-13,4.722392e-10,3.263073e-13,2.148334e-10,6.138684e-13,2.828115e-10
2.247806e+01,2.612237e-12,4.413776e-12,2.612237e-12,1.359034e-09,6.672696e-14,1.622221e-10,1.343171e-12,1.154768e-09,9.603119e-13,9.126712e-10,4.413776e-12,4.743190e-10,8.869028e-13,4.428059e-10,3.148805e-13,2.014434e-10,5.941689e-13,2.651847e-10
2.327202e+01,2.523116e-12,4.263192e-12,2.523116e-12,1.268929e-09,6.449179e-14,1.514667e-10,1.295617e-12,1.078206e-09,9.250491e-13,8.521604e-10,4.263192e-12,4.451312e-10,8.577797e-13,4.155568e-10,3.038270e-13,1.890471e-10,5.751553e-13,2.488659e-10
2.409404e+01,2.437035e-12,4.117746e-12,2.437035e-12,1.187001e-09,6.233129e-14,1.416873e-10,1.249785e-12,1.008593e-09,8.911706e-13,7.971411e-10,4.117746e-12,4.180874e-10,8.296494e-13,3.903093e-10,2.931359e-13,1.775614e-10,5.568017e-13,2.337458e-10
2.494508e+01,2.353891e-12,3.977262e-12,2.353891e-12,1.112456e-09,6.024267e-14,1.327892e-10,1.205619e-12,9.452519e-10,8.586259e-13,7.470798e-10,3.977262e-12,3.930094e-10,8.024765e-13,3.668971e-10,2.827966e-13,1.669106e-10,5.390831e-13,2.197249e-10
2.582619e+01,2.273584e-12,3.841570e-12,2.273584e-12,1.044578e-09,5.822328e-14,1.246869e-10,1.163065e-12,8.875759e-10,8.273651e-13,7.014956e-10,3.841570e-12,3.697351e-10,7.762269e-13,3.451686e-10,2.727988e-13,1.570258e-10,5.219753e-13,2.067123e-10
2.673842e+01,2.196017e-12,3.710508e-12,2.196017e-12,9.827213e-10,5.627062e-14,1.173033e-10,1.122067e-12,8.350163e-10,7.973396e-13,6.599551e-10,3.710508e-12,3.481163e-10,7.508675e-13,3.249859e-10,2.631324e-13,1.478441e-10,5.054551e-13,1.946254e-10
2.768287e+01,2.121096e-12,3.583918e-12,2.121096e-12,9.263041e-10,5.438230e-14,1.105690e-10,1.082573e-12,7.870788e-10,7.685016e-13,6.220676e-10,3.583918e-12,3.280183e-10,7.263667e-13,3.062228e-10,2.537878e-13,1.393083e-10,4.895003e-13,1.833887e-10
2.866068e+01,2.048731e-12,3.461646e-12,2.048731e-12,8.748018e-10,5.255605e-14,1.044214e-10,1.044530e-12,7.433173e-10,7.408045e-13,5.874808e-10,3.461646e-12,3.093177e-10,7.026938e-13,2.887644e-10,2.447554e-13,1.313661e-10,4.740894e-13,1.729333e-10
2.967302e+01,1.978835e-12,3.343546e-12,1.978835e-12,8.277408e-10,5.078970e-14,9.880391e-11,1.007888e-12,7.033297e-10,7.142027e-13,5.558766e-10,3.343546e-12,2.919019e-10,6.798193e-13,2.725055e-10,2.360262e-13,1.239695e-10,4.592017e-13,1.631963e-10
3.072113e+01,1.911323e-12,3.229475e-12,1.911323e-12,7.846937e-10,4.908121e-14,9.366555e-11,9.725970e-13,6.667526e-10,6.886519e-13,5.269678e-10,3.229475e-12,2.756682e-10,6.577146e-13,2.573501e-10,2.275910e-13,1.170749e-10,4.448173e-13,1.541201e-10
3.180626e+01,1.846115e-12,3.119296e-12,1.846115e-12,7.452740e-10,4.742862e-14,8.896019e-11,9.386070e-13,6.332578e-10,6.641087e-13,5.004952e-10,3.119296e-12,2.605223e-10,6.363524e-13,2.432103e-10,2.194413e-13,1.106424e-10,4.309172e-13,1.456522e-10
3.292971e+01,1.783132e-12,3.012875e-12,1.783132e-12,7.091323e-10,4.583006e-14,8.464610e-11,9.058704e-13,6.025482e-10,6.405309e-13,4.762239e-10,3.012875e-12,2.463782e-10,6.157061e-13,2.300057e-10,2.115685e-13,1.046353e-10,4.174829e-13,1.377443e-10
3.409285e+01,1.722297e-12,2.910086e-12,1.722297e-12,6.759521e-10,4.428376e-14,8.068552e-11,8.743403e-13,5.743551e-10,6.178777e-13,4.539414e-10,2.910086e-12,2.331569e-10,5.957503e-13,2.176626e-10,2.039645e-13,9.902011e-11,4.044967e-13,1.303524e-10
3.529707e+01,1.663538e-12,2.810803e-12,1.663538e-12,6.454466e-10,4.278802e-14,7.704421e-11,8.439710e-13,5.484346e-10,5.961093e-13,4.334552e-10,2.810803e-12,2.207860e-10,5.764604e-13,2.061136e-10,1.966210e-13,9.376616e-11,3.919416e-13,1.234360e-10
3.654383e+01,1.606783e-12,2.714907e-12,1.606783e-12,6.173553e-10,4.134123e-14,7.369108e-11,8.147179e-13,5.245656e-10,5.751872e-13,4.145903e-10,2.714907e-12,2.091994e-10,5.578126e-13,1.952966e-10,1.895304e-13,8.884527e-11,3.798014e-13,1.169580e-10
3.783463e+01,1.551965e-12,2.622283e-12,1.551965e-12,5.914416e-10,3.994183e-14,7.059787e-11,7.865375e-13,5.025467e-10,5.550742e-13,3.971877e-10,2.622283e-12,1.983362e-10,5.397842e-13,1.851551e-10,1.826849e-13,8.423163e-11,3.680602e-13,1.108845e-10
3.917101e+01,1.499017e-12,2.532820e-12,1.499017e-12,5.674899e-10,3.858834e-14,6.773886e-11,7.593876e-13,4.821950e-10,5.357342e-13,3.811027e-10,2.532820e-12,1.881407e-10,5.223532e-13,1.756369e-10,1.760771e-13,7.990154e-11,3.567030e-13,1.051843e-10
4.055461e+01,1.447875e-12,2.446408e-12,1.447875e-12,5.453038e-10,3.727934e-14,6.509060e-11,7.332274e-13,4.633435e-10,5.171327e-13,3.662035e-10,2.446408e-12,1.785616e-10,5.054983e-13,1.666941e-10,1.696997e-13,7.583327e-11,3.457153e-13,9.982871e-11
4.198707e+01,1.398478e-12,2.362944e-12,1.398478e-12,5.247040e-10,3.601345e-14,6.263168e-11,7.080170e-13,4.458399e-10,4.992362e-13,3.523694e-10,2.362944e-12,1.695520e-10,4.891991e-13,1.582830e-10,1.635458e-13,7.200686e-11,3.350831e-13,9.479154e-11
4.347013e+01,1.350767e-12,2.282328e-12,1.350767e-12,5.055265e-10,3.478936e-14,6.034254e-11,6.837181e-13,4.295448e-10,4.820127e-13,3.394906e-10,2.282328e-12,1.610687e-10,4.734361e-13,1.503634e-10,1.576083e-13,6.840401e-11,3.247931e-13,9.004866e-11
4.500558e+01,1.304683e-12,2.204463e-12,1.304683e-12,4.876214e-10,3.360579e-14,5.820529e-11,6.602936e-13,4.143309e-10,4.654314e-13,3.274663e-10,2.204463e-12,1.530723e-10,4.581903e-13,1.428982e-10,1.518805e-13,6.500790e-11,3.148325e-13,8.557795e-11
4.659526e+01,1.260172e-12,2.129254e-12,1.260172e-12,4.708515e-10,3.246153e-14,5.620354e-11,6.377079e-13,4.000816e-10,4.494629e-13,3.162043e-10,2.129254e-12,1.455264e-10,4.434435e-13,1.358536e-10,1.463559e-13,6.180314e-11,3.051890e-13,8.135912e-11
4.824109e+01,1.217179e-12,2.056610e-12,1.217179e-12,4.550912e-10,3.135538e-14,5.432230e-11,6.159265e-13,3.866901e-10,4.340789e-13,3.056204e-10,2.056610e-12,1.383977e-10,4.291781e-13,1.291985e-10,1.410280e-13,5.877558e-11,2.958507e-13,7.737358e-11
4.994505e+01,1.175652e-12,1.986445e-12,1.175652e-12,4.402256e-10,3.028620e-14,5.254786e-11,5.949165e-13,3.740588e-10,4.192528e-13,2.956372e-10,1.986445e-12,1.316558e-10,4.153773e-13,1.229045e-10,1.358906e-13,5.591228e-11,2.868065e-13,7.360427e-11
5.170920e+01,1.135543e-12,1.918674e-12,1.135543e-12,4.261496e-10,2.925286e-14,5.086767e-11,5.746461e-13,3.620985e-10,4.049589e-13,2.861844e-10,1.918674e-12,1.252727e-10,4.020250e-13,1.169455e-10,1.309375e-13,5.320139e-11,2.780455e-13,7.003559e-11
5.353567e+01,1.096802e-12,1.853215e-12,1.096802e-12,4.127675e-10,2.825428e-14,4.927030e-11,5.550850e-13,3.507277e-10,3.911730e-13,2.771975e-10,1.853215e-12,1.192229e-10,3.891054e-13,1.112977e-10,1.261629e-13,5.063206e-11,2.695574e-13,6.665326e-11
5.542665e+01,1.059382e-12,1.789990e-12,1.059382e-12,3.999922e-10,2.728941e-14,4.774537e-11,5.362043e-13,3.398726e-10,3.778723e-13,2.686182e-10,1.789990e-12,1.134831e-10,3.766037e-13,1.059393e-10,1.215608e-13,4.819438e-11,2.613323e-13,6.344425e-11
5.738442e+01,1.023240e-12,1.728921e-12,1.023240e-12,3.877451e-10,2.635721e-14,4.628348e-11,5.179764e-13,3.294662e-10,3.650348e-13,2.603935e-10,1.728921e-12,1.080320e-10,3.645054e-13,1.008504e-10,1.171256e-13,4.587931e-11,2.533608e-13,6.039663e-11
5.941134e+01,9.883301e-13,1.669936e-12,9.883301e-13,3.759552e-10,2.545669e-14,4.487617e-11,5.003750e-13,3.194484e-10,3.526403e-13,2.524759e-10,1.669936e-12,1.028502e-10,3.527968e-13,9.601283e-11,1.128517e-13,4.367860e-11,2.456339e-13,5.749957e-11
6.150986e+01,9.546115e-13,1.612963e-12,9.546115e-13,3.645593e-10,2.458685e-14,4.351590e-11,4.833749e-13,3.097654e-10,3.406692e-13,2.448229e-10,1.612963e-12,9.791999e-11,3.414644e-13,9.141020e-11,1.087337e-13,4.158475e-11,2.381430e-13,5.474318e-11
6.368250e+01,9.220432e-13,1.557934e-12,9.220432e-13,3.535017e-10,2.374675e-14,4.219600e-11,4.669525e-13,3.003698e-10,3.291036e-13,2.373971e-10,1.557934e-12,9.322529e-11,3.304957e-13,8.702746e-11,1.047663e-13,3.959093e-11,2.308800e-13,5.211847e-11
6.593188e+01,8.905860e-13,1.504782e-12,8.905860e-13,3.427335e-10,2.293544e-14,4.091065e-11,4.510852e-13,2.912201e-10,3.179263e-13,2.301656e-10,1.504782e-12,8.875152e-11,3.198782e-13,8.285097e-11,1.009444e-13,3.769095e-11,2.238370e-13,4.961728e-11
6.826072e+01,8.602021e-13,1.453444e-12,8.602021e-13,3.322130e-10,2.215200e-14,3.965485e-11,4.357516e-13,2.822808e-10,3.071214e-13,2.231004e-10,1.453444e-12,8.448546e-11,3.096002e-13,7.886839e-11,9.726288e-14,3.587917e-11,2.170066e-13,4.723222e-11
7.067181e+01,8.308548e-13,1.403857e-12,8.308548e-13,3.219047e-10,2.139556e-14,3.842440e-11,4.209315e-13,2.735219e-10,2.966739e-13,2.161778e-10,1.403857e-12,8.041508e-11,2.996505e-13,7.506851e-11,9.371688e-14,3.415051e-11,2.103818e-13,4.495657e-11
7.316807e+01,8.025087e-13,1.355962e-12,8.025087e-13,3.117799e-10,2.066521e-14,3.721585e-11,4.066057e-13,2.649188e-10,2.865699e-13,2.093784e-10,1.355962e-12,7.652952e-11,2.900182e-13,7.144117e-11,9.030161e-14,3.250034e-11,2.039557e-13,4.278425e-11
7.575250e+01,7.751297e-13,1.309701e-12,7.751297e-13,3.018157e-10,1.996012e-14,3.602646e-11,3.927561e-13,2.564523e-10,2.767962e-13,2.026869e-10,1.309701e-12,7.281892e-11,2.806928e-13,6.797716e-11,8.701241e-14,3.092448e-11,1.977221e-13,4.070975e-11
7.842822e+01,7.486848e-13,1.265018e-12,7.486848e-13,2.919949e-10,1.927944e-14,3.485420e-11,3.793655e-13,2.481076e-10,2.673408e-13,1.960917e-10,1.265018e-12,6.927434e-11,2.716644e-13,6.466815e-11,8.384476e-14,2.941913e-11,1.916747e-13,3.872807e-11
8.119845e+01,7.231421e-13,1.221860e-12,7.231421e-13,2.823058e-10,1.862235e-14,3.369765e-11,3.664179e-13,2.398748e-10,2.581921e-13,1.895849e-10,1.221860e-12,6.588767e-11,2.629233e-13,6.150656e-11,8.079424e-14,2.798084e-11,1.858077e-13,3.683468e-11
8.406653e+01,6.984708e-13,1.180174e-12,6.984708e-13,2.727413e-10,1.798806e-14,3.255598e-11,3.538977e-13,2.317479e-10,2.493397e-13,1.831618e-10,1.180174e-12,6.265153e-11,2.544603e-13,5.848550e-11,7.785659e-14,2.660649e-11,1.801156e-13,3.502545e-11
8.703591e+01,6.746412e-13,1.139910e-12,6.746412e-13,2.632989e-10,1.737578e-14,3.142888e-11,3.417906e-13,2.237247e-10,2.407734e-13,1.768206e-10,1.139910e-12,5.955917e-11,2.462664e-13,5.559867e-11,7.502763e-14,2.529320e-11,1.745931e-13,3.329660e-11
9.011018e+01,6.516246e-13,1.101020e-12,6.516246e-13,2.539798e-10,1.678476e-14,3.031650e-11,3.300826e-13,2.158063e-10,2.324840e-13,1.705623e-10,1.101020e-12,5.660442e-11,2.383331e-13,5.284032e-11,7.230334e-14,2.403836e-11,1.692352e-13,3.164470e-11
9.329304e+01,6.293933e-13,1.063457e-12,6.293933e-13,2.447886e-10,1.621425e-14,2.921938e-11,3.187608e-13,2.079964e-10,2.244626e-13,1.643898e-10,1.063457e-12,5.378161e-11,2.306522e-13,5.020514e-11,6.967982e-14,2.283955e-11,1.640369e-13,3.006655e-11
9.658832e+01,6.079204e-13,1.027175e-12,6.079204e-13,2.357323e-10,1.566354e-14,2.813837e-11,3.078127e-13,2.003014e-10,2.167011e-13,1.583081e-10,1.027175e-12,5.108547e-11,2.232156e-13,4.768820e-11,6.715327e-14,2.169453e-11,1.589936e-13,2.855923e-11
1.000000e+02,5.871801e-13,9.921311e-13,5.871801e-13,2.268205e-10,1.513193e-14,2.707461e-11,2.972263e-13,1.927290e-10,2.091916e-13,1.523232e-10,9.921311e-13,4.851108e-11,2.160158e-13,4.528494e-11,6.472004e-14,2.060123e-11,1.541009e-13,2.711998e-11
