M_GeV,seesaw_total_NO,seesaw_e_NO,seesaw_mu_NO,seesaw_tau_NO,seesaw_total_IO,seesaw_e_IO,seesaw_mu_IO,seesaw_tau_IO
1.000000e-01,5.871801e-10,1.447309e-11,2.483680e-10,1.811225e-10,9.921311e-10,1.872744e-10,6.751928e-11,1.272238e-10
1.035322e-01,5.671474e-10,1.397931e-11,2.398944e-10,1.749432e-10,9.582827e-10,1.808851e-10,6.521573e-11,1.228834e-10
1.071891e-01,5.477984e-10,1.350239e-11,2.317101e-10,1.689748e-10,9.255896e-10,1.747140e-10,6.299081e-11,1.186910e-10
1.109752e-01,5.291093e-10,1.304173e-11,2.238050e-10,1.632099e-10,8.940116e-10,1.687533e-10,6.084178e-11,1.146417e-10
1.148951e-01,5.110576e-10,1.259679e-11,2.161694e-10,1.576417e-10,8.635104e-10,1.629959e-10,5.876602e-11,1.107304e-10
1.189534e-01,4.936220e-10,1.216703e-11,2.087944e-10,1.522634e-10,8.340503e-10,1.574351e-10,5.676112e-11,1.069527e-10
1.231551e-01,4.767810e-10,1.175192e-11,2.016709e-10,1.470686e-10,8.055949e-10,1.520638e-10,5.482459e-11,1.033038e-10
1.275051e-01,4.605150e-10,1.135099e-11,1.947906e-10,1.420512e-10,7.781110e-10,1.468760e-10,5.295418e-11,9.977942e-11
1.320088e-01,4.448038e-10,1.096373e-11,1.881450e-10,1.372049e-10,7.515644e-10,1.418651e-10,5.114756e-11,9.637528e-11
1.366716e-01,4.296285e-10,1.058968e-11,1.817261e-10,1.325239e-10,7.259234e-10,1.370251e-10,4.940257e-11,9.308726e-11
1.414991e-01,4.149709e-10,1.022840e-11,1.755262e-10,1.280026e-10,7.011572e-10,1.323502e-10,4.771711e-11,8.991142e-11
1.464971e-01,4.008135e-10,9.879438e-12,1.695378e-10,1.236356e-10,6.772360e-10,1.278349e-10,4.608916e-11,8.684394e-11
1.516717e-01,3.871389e-10,9.542380e-12,1.637537e-10,1.194175e-10,6.541307e-10,1.234735e-10,4.451673e-11,8.388107e-11
1.570290e-01,3.739310e-10,9.216826e-12,1.581670e-10,1.153434e-10,6.318140e-10,1.192610e-10,4.299797e-11,8.101933e-11
1.625756e-01,3.611736e-10,8.902375e-12,1.527708e-10,1.114082e-10,6.102583e-10,1.151922e-10,4.153101e-11,7.825519e-11
1.683180e-01,3.488517e-10,8.598659e-12,1.475588e-10,1.076073e-10,5.894385e-10,1.112622e-10,4.011412e-11,7.558541e-11
1.742633e-01,3.369500e-10,8.305300e-12,1.425246e-10,1.039361e-10,5.693288e-10,1.074663e-10,3.874555e-11,7.300668e-11
1.804186e-01,3.254543e-10,8.021950e-12,1.376621e-10,1.003902e-10,5.499051e-10,1.037999e-10,3.742368e-11,7.051593e-11
1.867914e-01,3.143507e-10,7.748264e-12,1.329654e-10,9.696514e-11,5.311439e-10,1.002586e-10,3.614689e-11,6.811012e-11
1.933892e-01,3.036261e-10,7.483919e-12,1.284291e-10,9.365701e-11,5.130230e-10,9.683806e-11,3.491368e-11,6.578643e-11
2.002200e-01,2.932675e-10,7.228594e-12,1.240475e-10,9.046176e-11,4.955205e-10,9.353429e-11,3.372255e-11,6.354203e-11
2.072922e-01,2.832621e-10,6.981975e-12,1.198154e-10,8.737547e-11,4.786148e-10,9.034318e-11,3.257203e-11,6.137416e-11
2.146141e-01,2.735981e-10,6.743774e-12,1.157277e-10,8.439452e-11,4.622861e-10,8.726098e-11,3.146079e-11,5.928028e-11
2.221947e-01,2.642638e-10,6.513697e-12,1.117794e-10,8.151524e-11,4.465143e-10,8.428390e-11,3.038744e-11,5.725782e-11
2.300430e-01,2.552480e-10,6.291472e-12,1.079659e-10,7.873421e-11,4.312807e-10,8.140841e-11,2.935072e-11,5.530438e-11
2.381686e-01,2.465397e-10,6.076825e-12,1.042824e-10,7.604803e-11,4.165667e-10,7.863100e-11,2.834936e-11,5.341756e-11
2.465811e-01,2.381286e-10,5.869505e-12,1.007247e-10,7.345353e-11,4.023549e-10,7.594838e-11,2.738218e-11,5.159513e-11
2.552908e-01,2.300044e-10,5.669256e-12,9.728827e-11,7.094754e-11,3.886279e-10,7.335727e-11,2.644799e-11,4.983487e-11
2.643081e-01,2.221575e-10,5.475841e-12,9.396912e-11,6.852705e-11,3.753692e-10,7.085457e-11,2.554567e-11,4.813468e-11
2.736440e-01,2.145781e-10,5.289022e-12,9.076318e-11,6.618911e-11,3.625627e-10,6.843722e-11,2.467413e-11,4.649247e-11
2.833096e-01,2.072574e-10,5.108577e-12,8.766663e-11,6.393096e-11,3.501933e-10,6.610237e-11,2.383233e-11,4.490630e-11
2.933166e-01,2.001865e-10,4.934289e-12,8.467574e-11,6.174984e-11,3.382458e-10,6.384717e-11,2.301925e-11,4.337424e-11
3.036771e-01,1.933567e-10,4.765947e-12,8.178687e-11,5.964313e-11,3.267059e-10,6.166891e-11,2.223391e-11,4.189445e-11
3.144035e-01,1.867601e-10,4.603349e-12,7.899657e-11,5.760831e-11,3.155598e-10,5.956497e-11,2.147536e-11,4.046515e-11
3.255089e-01,1.803884e-10,4.446296e-12,7.630144e-11,5.564288e-11,3.047939e-10,5.753279e-11,2.074268e-11,3.908460e-11
3.370064e-01,1.742341e-10,4.294604e-12,7.369830e-11,5.374454e-11,2.943953e-10,5.556997e-11,2.003501e-11,3.775117e-11
3.489101e-01,1.682898e-10,4.148086e-12,7.118395e-11,5.191095e-11,2.843515e-10,5.367410e-11,1.935148e-11,3.646322e-11
3.612343e-01,1.625483e-10,4.006566e-12,6.875537e-11,5.013990e-11,2.746503e-10,5.184291e-11,1.869127e-11,3.521920e-11
3.739937e-01,1.570027e-10,3.869875e-12,6.640967e-11,4.842930e-11,2.652802e-10,5.007420e-11,1.805359e-11,3.401764e-11
3.872039e-01,1.516462e-10,3.737847e-12,6.414398e-11,4.677704e-11,2.562296e-10,4.836582e-11,1.743766e-11,3.285707e-11
4.008806e-01,1.464726e-10,3.610324e-12,6.195560e-11,4.518117e-11,2.474879e-10,4.671575e-11,1.684274e-11,3.173609e-11
4.150405e-01,1.414754e-10,3.487151e-12,5.984187e-11,4.363973e-11,2.390444e-10,4.512195e-11,1.626812e-11,3.065336e-11
4.297005e-01,1.366487e-10,3.368181e-12,5.780026e-11,4.215088e-11,2.308890e-10,4.358253e-11,1.571310e-11,2.960756e-11
4.448783e-01,1.319867e-10,3.253270e-12,5.582830e-11,4.071283e-11,2.230118e-10,4.209564e-11,1.517702e-11,2.859745e-11
4.605922e-01,1.274837e-10,3.142279e-12,5.392362e-11,3.932384e-11,2.154034e-10,4.065947e-11,1.465923e-11,2.762180e-11
4.768612e-01,1.231344e-10,3.035074e-12,5.208392e-11,3.798223e-11,2.080545e-10,3.927230e-11,1.415911e-11,2.667943e-11
4.937048e-01,1.189334e-10,2.931527e-12,5.030698e-11,3.668640e-11,2.009564e-10,3.793246e-11,1.367604e-11,2.576921e-11
5.111433e-01,1.148758e-10,2.831513e-12,4.859068e-11,3.543479e-11,1.941004e-10,3.663833e-11,1.320946e-11,2.489005e-11
5.291979e-01,1.109566e-10,2.734911e-12,4.693291e-11,3.422586e-11,1.874783e-10,3.538834e-11,1.275880e-11,2.404088e-11
5.478901e-01,1.071712e-10,2.641605e-12,4.533172e-11,3.305819e-11,1.810821e-10,3.418101e-11,1.232351e-11,2.322069e-11
5.672426e-01,1.035148e-10,2.551482e-12,4.378514e-11,3.193035e-11,1.749042e-10,3.301486e-11,1.190307e-11,2.242847e-11
5.872787e-01,9.998322e-11,2.464433e-12,4.229133e-11,3.084098e-11,1.689370e-10,3.188850e-11,1.149697e-11,2.166328e-11
6.080224e-01,9.657212e-11,2.380355e-12,4.084849e-11,2.978879e-11,1.631735e-10,3.080057e-11,1.110474e-11,2.092420e-11
6.294989e-01,9.327739e-11,2.299145e-12,3.945487e-11,2.877249e-11,1.576065e-10,2.974975e-11,1.072588e-11,2.021034e-11
6.517340e-01,9.009506e-11,2.220705e-12,3.810880e-11,2.779087e-11,1.522295e-10,2.873478e-11,1.035994e-11,1.952082e-11
6.747544e-01,8.702131e-11,2.144942e-12,3.680865e-11,2.684273e-11,1.470359e-10,2.775445e-11,1.000650e-11,1.885484e-11
6.985880e-01,8.405242e-11,2.071763e-12,3.555286e-11,2.592695e-11,1.420195e-10,2.680755e-11,9.665108e-12,1.821157e-11
7.232634e-01,8.118483e-11,2.001082e-12,3.433991e-11,2.504240e-11,1.371743e-10,2.589297e-11,9.335366e-12,1.759025e-11
7.488104e-01,7.841506e-11,1.932811e-12,3.316834e-11,2.418804e-11,1.324943e-10,2.500958e-11,9.016873e-12,1.699013e-11
7.752597e-01,7.573980e-11,1.866870e-12,3.203675e-11,2.336282e-11,1.279740e-10,2.415634e-11,8.709247e-12,1.641048e-11
8.026434e-01,7.315579e-11,1.803178e-12,3.094375e-11,2.256575e-11,1.236080e-10,2.333220e-11,8.412115e-12,1.585061e-11
8.309942e-01,7.065996e-11,1.741660e-12,2.988805e-11,2.179588e-11,1.193909e-10,2.253618e-11,8.125121e-12,1.530984e-11
8.603464e-01,6.824927e-11,1.682240e-12,2.886837e-11,2.105228e-11,1.153176e-10,2.176732e-11,7.847918e-12,1.478751e-11
8.907355e-01,6.592082e-11,1.624847e-12,2.788347e-11,2.033404e-11,1.113834e-10,2.102469e-11,7.580172e-12,1.428301e-11
9.221979e-01,6.367182e-11,1.569413e-12,2.693218e-11,1.964031e-11,1.075833e-10,2.030739e-11,7.321561e-12,1.379572e-11
9.547716e-01,6.149954e-11,1.515869e-12,2.601334e-11,1.897025e-11,1.039129e-10,1.961457e-11,7.071773e-12,1.332506e-11
9.884959e-01,5.940137e-11,1.464153e-12,2.512585e-11,1.832304e-11,1.003678e-10,1.894539e-11,6.830507e-12,1.287045e-11
1.023411e+00,5.737481e-11,1.414201e-12,2.426865e-11,1.769793e-11,9.694357e-11,1.829904e-11,6.597475e-12,1.243135e-11
1.059560e+00,5.541736e-11,1.365953e-12,2.344067e-11,1.709413e-11,9.363615e-11,1.767473e-11,6.372389e-12,1.200723e-11
1.096986e+00,5.352668e-11,1.319350e-12,2.264094e-11,1.651092e-11,9.044155e-11,1.707172e-11,6.154981e-12,1.159758e-11
1.135733e+00,5.170054e-11,1.274339e-12,2.186852e-11,1.594763e-11,8.735602e-11,1.648929e-11,5.944996e-12,1.120192e-11
1.175850e+00,4.993665e-11,1.230862e-12,2.112242e-11,1.540354e-11,8.437566e-11,1.592672e-11,5.742168e-12,1.081973e-11
1.217383e+00,4.823298e-11,1.188869e-12,2.040180e-11,1.487802e-11,8.149704e-11,1.538336e-11,5.546265e-12,1.045060e-11
1.260383e+00,4.658744e-11,1.148309e-12,1.970576e-11,1.437044e-11,7.871664e-11,1.485853e-11,5.357045e-12,1.009406e-11
1.304902e+00,4.499803e-11,1.109132e-12,1.903346e-11,1.388016e-11,7.603109e-11,1.435160e-11,5.174280e-12,9.749686e-12
1.350994e+00,4.346282e-11,1.071292e-12,1.838409e-11,1.340661e-11,7.343712e-11,1.386197e-11,4.997748e-12,9.417055e-12
1.398713e+00,4.198003e-11,1.034743e-12,1.775689e-11,1.294923e-11,7.093172e-11,1.338905e-11,4.827243e-12,9.095779e-12
1.448118e+00,4.054781e-11,9.994414e-13,1.715109e-11,1.250744e-11,6.851176e-11,1.293226e-11,4.662554e-12,8.785461e-12
1.499268e+00,3.916446e-11,9.653438e-13,1.656595e-11,1.208073e-11,6.617437e-11,1.249105e-11,4.503483e-12,8.485731e-12
1.552225e+00,3.782829e-11,9.324093e-13,1.600077e-11,1.166857e-11,6.391671e-11,1.206490e-11,4.349839e-12,8.196225e-12
1.607053e+00,3.653770e-11,9.005982e-13,1.545487e-11,1.127048e-11,6.173606e-11,1.165328e-11,4.201435e-12,7.916593e-12
1.663817e+00,3.529115e-11,8.698727e-13,1.492760e-11,1.088596e-11,5.962982e-11,1.125571e-11,4.058095e-12,7.646505e-12
1.722586e+00,3.408713e-11,8.401955e-13,1.441832e-11,1.051457e-11,5.759545e-11,1.087170e-11,3.919647e-12,7.385631e-12
1.783431e+00,3.292419e-11,8.115307e-13,1.392641e-11,1.015585e-11,5.563048e-11,1.050079e-11,3.785921e-12,7.133657e-12
1.846425e+00,3.180092e-11,7.838439e-13,1.345129e-11,9.809363e-12,5.373255e-11,1.014254e-11,3.656757e-12,6.890280e-12
1.911644e+00,3.071598e-11,7.571017e-13,1.299238e-11,9.474700e-12,5.189937e-11,9.796508e-12,3.532001e-12,6.655206e-12
1.979167e+00,2.966804e-11,7.312718e-13,1.254912e-11,9.151453e-12,5.012872e-11,9.462282e-12,3.411500e-12,6.428151e-12
2.049075e+00,2.865586e-11,7.063231e-13,1.212098e-11,8.839234e-12,4.841849e-11,9.139458e-12,3.295110e-12,6.208843e-12
2.121452e+00,2.767822e-11,6.822257e-13,1.170745e-11,8.537668e-12,4.676661e-11,8.827650e-12,3.182692e-12,5.997017e-12
2.196385e+00,2.673394e-11,6.589505e-13,1.130804e-11,8.246393e-12,4.517109e-11,8.526481e-12,3.074110e-12,5.792420e-12
2.273966e+00,2.582185e-11,6.364691e-13,1.092224e-11,7.965050e-12,4.362999e-11,8.235583e-12,2.969230e-12,5.594800e-12
2.354286e+00,2.494090e-11,6.147550e-13,1.054961e-11,7.693311e-12,4.214149e-11,7.954614e-12,2.867930e-12,5.403925e-12
2.437444e+00,2.409000e-11,5.937814e-13,1.018969e-11,7.430839e-12,4.070375e-11,7.683227e-12,2.770085e-12,5.219560e-12
2.523539e+00,2.326812e-11,5.735235e-13,9.842051e-12,7.177323e-12,3.931507e-11,7.421100e-12,2.675579e-12,5.041485e-12
2.612675e+00,2.247429e-11,5.539568e-13,9.506272e-12,6.932456e-12,3.797377e-11,7.167916e-12,2.584297e-12,4.869486e-12
2.704960e+00,2.170754e-11,5.350575e-13,9.181947e-12,6.695941e-12,3.667822e-11,6.923369e-12,2.496129e-12,4.703354e-12
2.800504e+00,2.096695e-11,5.168031e-13,8.868689e-12,6.467498e-12,3.542688e-11,6.687166e-12,2.410969e-12,4.542891e-12
2.899423e+00,2.025162e-11,4.991714e-13,8.566118e-12,6.246848e-12,3.421823e-11,6.459022e-12,2.328714e-12,4.387902e-12
3.001836e+00,1.956070e-11,4.821413e-13,8.273869e-12,6.033725e-12,3.305081e-11,6.238661e-12,2.249266e-12,4.238201e-12
3.107866e+00,1.889335e-11,4.656922e-13,7.991593e-12,5.827875e-12,3.192323e-11,6.025818e-12,2.172529e-12,4.093608e-12
3.217642e+00,1.824877e-11,4.498042e-13,7.718944e-12,5.629046e-12,3.083411e-11,5.820236e-12,2.098409e-12,3.953947e-12
3.331295e+00,1.762618e-11,4.344584e-13,7.455599e-12,5.437001e-12,2.978215e-11,5.621668e-12,2.026818e-12,3.819051e-12
3.448962e+00,1.702484e-11,4.196361e-13,7.201239e-12,5.251509e-12,2.876608e-11,5.429876e-12,1.957670e-12,3.688758e-12
3.570786e+00,1.644400e-11,4.053194e-13,6.955555e-12,5.072344e-12,2.778467e-11,5.244626e-12,1.890880e-12,3.562909e-12
3.696913e+00,1.588299e-11,3.914912e-13,6.718254e-12,4.899291e-12,2.683675e-11,5.065696e-12,1.826369e-12,3.441354e-12
3.827494e+00,1.534111e-11,3.781349e-13,6.489050e-12,4.732144e-12,2.592117e-11,4.892871e-12,1.764060e-12,3.323946e-12
3.962689e+00,1.481772e-11,3.652341e-13,6.267663e-12,4.570698e-12,2.503682e-11,4.725941e-12,1.703875e-12,3.210543e-12
4.102658e+00,1.431219e-11,3.527735e-13,6.053831e-12,4.414761e-12,2.418264e-11,4.564708e-12,1.645745e-12,3.101010e-12
4.247572e+00,1.382390e-11,3.407380e-13,5.847293e-12,4.264143e-12,2.335761e-11,4.408974e-12,1.589597e-12,2.995213e-12
4.397604e+00,1.335227e-11,3.291131e-13,5.647803e-12,4.118664e-12,2.256072e-11,4.258554e-12,1.535365e-12,2.893026e-12
4.552935e+00,1.289674e-11,3.178848e-13,5.455118e-12,3.978149e-12,2.179102e-11,4.113267e-12,1.482984e-12,2.794326e-12
4.713753e+00,1.245674e-11,3.070396e-13,5.269007e-12,3.842427e-12,2.104758e-11,3.972935e-12,1.432389e-12,2.698993e-12
4.880252e+00,1.203176e-11,2.965644e-13,5.089245e-12,3.711336e-12,2.032951e-11,3.837391e-12,1.383520e-12,2.606911e-12
5.052631e+00,1.162128e-11,2.864466e-13,4.915617e-12,3.584717e-12,1.963593e-11,3.706472e-12,1.336319e-12,2.517972e-12
5.231099e+00,1.122480e-11,2.766740e-13,4.747912e-12,3.462418e-12,1.896602e-11,3.580019e-12,1.290728e-12,2.432067e-12
5.415871e+00,1.084184e-11,2.672348e-13,4.585929e-12,3.344292e-12,1.831896e-11,3.457881e-12,1.246693e-12,2.349093e-12
5.607170e+00,1.047195e-11,2.581176e-13,4.429471e-12,3.230195e-12,1.769397e-11,3.339909e-12,1.204160e-12,2.268949e-12
5.805226e+00,1.011468e-11,2.493114e-13,4.278352e-12,3.119991e-12,1.709031e-11,3.225962e-12,1.163078e-12,2.191540e-12
6.010277e+00,9.769602e-12,2.408057e-13,4.132388e-12,3.013547e-12,1.650724e-11,3.115902e-12,1.123397e-12,2.116772e-12
6.222571e+00,9.436295e-12,2.325902e-13,3.991405e-12,2.910735e-12,1.594407e-11,3.009598e-12,1.085070e-12,2.044554e-12
6.442364e+00,9.114358e-12,2.246550e-13,3.855231e-12,2.811430e-12,1.540011e-11,2.906920e-12,1.048051e-12,1.974801e-12
6.669920e+00,8.803406e-12,2.169905e-13,3.723703e-12,2.715513e-12,1.487471e-11,2.807745e-12,1.012295e-12,1.907427e-12
6.905514e+00,8.503062e-12,2.095874e-13,3.596662e-12,2.622868e-12,1.436723e-11,2.711954e-12,9.777590e-13,1.842352e-12
7.149429e+00,8.212966e-12,2.024370e-13,3.473956e-12,2.533385e-12,1.387707e-11,2.619431e-12,9.444010e-13,1.779497e-12
7.401960e+00,7.932766e-12,1.955305e-13,3.355435e-12,2.446954e-12,1.340363e-11,2.530064e-12,9.121811e-13,1.718786e-12
7.663411e+00,7.662125e-12,1.888596e-13,3.240959e-12,2.363471e-12,1.294634e-11,2.443747e-12,8.810604e-13,1.660146e-12
7.934097e+00,7.400718e-12,1.824164e-13,3.130388e-12,2.282837e-12,1.250465e-11,2.360374e-12,8.510015e-13,1.603508e-12
8.214344e+00,7.148229e-12,1.761929e-13,3.023589e-12,2.204954e-12,1.207803e-11,2.279846e-12,8.219680e-13,1.548801e-12
8.504489e+00,6.904355e-12,1.701818e-13,2.920434e-12,2.129729e-12,1.166597e-11,2.202065e-12,7.939252e-13,1.495961e-12
8.804884e+00,6.668801e-12,1.643757e-13,2.820798e-12,2.057069e-12,1.126796e-11,2.126937e-12,7.668390e-13,1.444924e-12
9.115888e+00,6.441283e-12,1.587677e-13,2.724562e-12,1.986889e-12,1.088354e-11,2.054373e-12,7.406770e-13,1.395628e-12
9.437878e+00,6.221527e-12,1.533511e-13,2.631608e-12,1.919102e-12,1.051223e-11,1.984285e-12,7.154074e-13,1.348013e-12
9.771242e+00,6.009268e-12,1.481192e-13,2.541826e-12,1.853629e-12,1.015358e-11,1.916587e-12,6.910000e-13,1.302023e-12
1.011638e+01,5.804252e-12,1.430659e-13,2.455107e-12,1.790389e-12,9.807176e-12,1.851199e-12,6.674253e-13,1.257602e-12
1.047371e+01,5.606229e-12,1.381849e-13,2.371347e-12,1.729306e-12,9.472586e-12,1.788042e-12,6.446549e-13,1.214697e-12
1.084366e+01,5.414963e-12,1.334705e-13,2.290444e-12,1.670308e-12,9.149412e-12,1.727040e-12,6.226614e-13,1.173256e-12
1.122668e+01,5.230221e-12,1.289169e-13,2.212301e-12,1.613322e-12,8.837262e-12,1.668119e-12,6.014181e-13,1.133228e-12
1.162322e+01,5.051786e-12,1.245188e-13,2.136826e-12,1.558282e-12,8.535768e-12,1.611209e-12,5.809000e-13,1.094566e-12
1.203378e+01,4.879432e-12,1.202705e-13,2.063923e-12,1.505118e-12,8.244551e-12,1.556239e-12,5.610812e-13,1.057223e-12
1.245883e+01,4.712964e-12,1.161673e-13,1.993510e-12,1.453768e-12,7.963277e-12,1.503146e-12,5.419392e-13,1.021154e-12
1.289890e+01,4.552172e-12,1.122041e-13,1.925497e-12,1.404170e-12,7.691595e-12,1.451863e-12,5.234499e-13,9.863155e-13
1.335452e+01,4.396865e-12,1.083760e-13,1.859805e-12,1.356264e-12,7.429179e-12,1.402329e-12,5.055912e-13,9.526651e-13
1.382622e+01,4.246860e-12,1.046786e-13,1.796355e-12,1.309993e-12,7.175722e-12,1.354487e-12,4.883423e-13,9.201636e-13
1.431459e+01,4.101970e-12,1.011073e-13,1.735069e-12,1.265300e-12,6.930909e-12,1.308276e-12,4.716816e-13,8.887705e-13
1.482021e+01,3.962023e-12,9.765779e-14,1.675874e-12,1.222132e-12,6.694447e-12,1.263642e-12,4.555892e-13,8.584483e-13
1.534368e+01,3.826853e-12,9.432607e-14,1.618699e-12,1.180437e-12,6.466057e-12,1.220531e-12,4.400462e-13,8.291612e-13
1.588565e+01,3.696293e-12,9.110795e-14,1.563474e-12,1.140164e-12,6.245455e-12,1.178890e-12,4.250332e-13,8.008728e-13
1.644676e+01,3.570187e-12,8.799964e-14,1.510133e-12,1.101266e-12,6.032381e-12,1.138670e-12,4.105324e-13,7.735496e-13
1.702769e+01,3.448384e-12,8.499738e-14,1.458612e-12,1.063694e-12,5.826575e-12,1.099822e-12,3.965264e-13,7.471586e-13
1.762914e+01,3.330736e-12,8.209754e-14,1.408849e-12,1.027404e-12,5.627791e-12,1.062300e-12,3.829982e-13,7.216679e-13
1.825183e+01,3.217103e-12,7.929665e-14,1.360784e-12,9.923527e-13,5.435790e-12,1.026058e-12,3.699316e-13,6.970471e-13
1.889652e+01,3.107345e-12,7.659130e-14,1.314358e-12,9.584968e-13,5.250338e-12,9.910521e-13,3.573107e-13,6.732660e-13
1.956398e+01,3.001333e-12,7.397825e-14,1.269517e-12,9.257959e-13,5.071213e-12,9.572406e-13,3.451204e-13,6.502963e-13
2.025502e+01,2.898936e-12,7.145434e-14,1.226205e-12,8.942106e-13,4.898199e-12,9.245824e-13,3.333459e-13,6.281102e-13
2.097046e+01,2.800035e-12,6.901656e-14,1.184371e-12,8.637032e-13,4.731089e-12,8.930389e-13,3.219733e-13,6.066812e-13
2.171118e+01,2.704506e-12,6.666192e-14,1.143964e-12,8.342362e-13,4.569679e-12,8.625711e-13,3.109885e-13,5.859831e-13
2.247806e+01,2.612237e-12,6.438763e-14,1.104935e-12,8.057748e-13,4.413776e-12,8.331429e-13,3.003786e-13,5.659912e-13
2.327202e+01,2.523116e-12,6.219095e-14,1.067239e-12,7.782845e-13,4.263193e-12,8.047190e-13,2.901307e-13,5.466816e-13
2.409404e+01,2.437035e-12,6.006917e-14,1.030828e-12,7.517317e-13,4.117745e-12,7.772642e-13,2.802323e-13,5.280304e-13
2.494508e+01,2.353892e-12,5.801982e-14,9.956592e-13,7.260852e-13,3.977262e-12,7.507467e-13,2.706717e-13,5.100158e-13
2.582619e+01,2.273584e-12,5.604036e-14,9.616904e-13,7.013134e-13,3.841570e-12,7.251335e-13,2.614373e-13,4.926156e-13
2.673842e+01,2.196017e-12,5.412844e-14,9.288806e-13,6.773868e-13,3.710508e-12,7.003943e-13,2.525178e-13,4.758091e-13
2.768287e+01,2.121096e-12,5.228175e-14,8.971902e-13,6.542766e-13,3.583917e-12,6.764991e-13,2.439028e-13,4.595761e-13
2.866068e+01,2.048731e-12,5.049807e-14,8.665809e-13,6.319548e-13,3.461646e-12,6.534191e-13,2.355816e-13,4.438968e-13
2.967302e+01,1.978835e-12,4.877525e-14,8.370162e-13,6.103947e-13,3.343546e-12,6.311267e-13,2.275444e-13,4.287526e-13
3.072113e+01,1.911323e-12,4.711119e-14,8.084598e-13,5.895699e-13,3.229475e-12,6.095946e-13,2.197812e-13,4.141249e-13
3.180626e+01,1.846115e-12,4.550390e-14,7.808777e-13,5.694556e-13,3.119295e-12,5.887972e-13,2.122830e-13,3.999963e-13
3.292971e+01,1.783132e-12,4.395147e-14,7.542368e-13,5.500277e-13,3.012875e-12,5.687094e-13,2.050406e-13,3.863497e-13
3.409285e+01,1.722297e-12,4.245198e-14,7.285046e-13,5.312625e-13,2.910086e-12,5.493068e-13,1.980453e-13,3.731687e-13
3.529707e+01,1.663538e-12,4.100366e-14,7.036505e-13,5.131376e-13,2.810803e-12,5.305663e-13,1.912886e-13,3.604374e-13
3.654383e+01,1.606783e-12,3.960474e-14,6.796441e-13,4.956310e-13,2.714907e-12,5.124651e-13,1.847625e-13,3.481404e-13
3.783463e+01,1.551965e-12,3.825355e-14,6.564568e-13,4.787216e-13,2.622283e-12,4.949813e-13,1.784589e-13,3.362630e-13
3.917101e+01,1.499017e-12,3.694847e-14,6.340607e-13,4.623892e-13,2.532820e-12,4.780943e-13,1.723705e-13,3.247908e-13
4.055461e+01,1.447875e-12,3.568790e-14,6.124285e-13,4.466139e-13,2.446408e-12,4.617832e-13,1.664898e-13,3.137100e-13
4.198707e+01,1.398479e-12,3.447035e-14,5.915345e-13,4.313769e-13,2.362944e-12,4.460286e-13,1.608097e-13,3.030072e-13
4.347013e+01,1.350767e-12,3.329433e-14,5.713532e-13,4.166597e-13,2.282328e-12,4.308116e-13,1.553234e-13,2.926696e-13
4.500558e+01,1.304683e-12,3.215843e-14,5.518604e-13,4.024446e-13,2.204463e-12,4.161136e-13,1.500242e-13,2.826846e-13
4.659526e+01,1.260171e-12,3.106129e-14,5.330327e-13,3.887145e-13,2.129253e-12,4.019172e-13,1.449059e-13,2.730403e-13
4.824109e+01,1.217178e-12,3.000158e-14,5.148474e-13,3.754528e-13,2.056610e-12,3.882051e-13,1.399622e-13,2.637251e-13
4.994505e+01,1.175652e-12,2.897803e-14,4.972825e-13,3.626436e-13,1.986445e-12,3.749608e-13,1.351871e-13,2.547276e-13
5.170920e+01,1.135543e-12,2.798939e-14,4.803168e-13,3.502714e-13,1.918674e-12,3.621684e-13,1.305750e-13,2.460372e-13
5.353567e+01,1.096802e-12,2.703448e-14,4.639299e-13,3.383212e-13,1.853215e-12,3.498123e-13,1.261202e-13,2.376431e-13
5.542665e+01,1.059382e-12,2.611215e-14,4.481021e-13,3.267788e-13,1.789989e-12,3.378778e-13,1.218174e-13,2.295355e-13
5.738442e+01,1.023240e-12,2.522129e-14,4.328143e-13,3.156302e-13,1.728921e-12,3.263505e-13,1.176613e-13,2.217045e-13
5.941134e+01,9.883301e-13,2.436082e-14,4.180481e-13,3.048619e-13,1.669936e-12,3.152165e-13,1.136471e-13,2.141407e-13
6.150986e+01,9.546114e-13,2.352971e-14,4.037857e-13,2.944610e-13,1.612963e-12,3.044623e-13,1.097699e-13,2.068349e-13
6.368250e+01,9.220432e-13,2.272695e-14,3.900098e-13,2.844149e-13,1.557934e-12,2.940751e-13,1.060249e-13,1.997783e-13
6.593188e+01,8.905861e-13,2.195158e-14,3.767039e-13,2.747116e-13,1.504782e-12,2.840422e-13,1.024076e-13,1.929626e-13
6.826072e+01,8.602021e-13,2.120266e-14,3.638520e-13,2.653393e-13,1.453444e-12,2.743516e-13,9.891381e-14,1.863793e-13
7.067181e+01,8.308548e-13,2.047930e-14,3.514386e-13,2.562868e-13,1.403857e-12,2.649916e-13,9.553920e-14,1.800206e-13
7.316807e+01,8.025087e-13,1.978061e-14,3.394486e-13,2.475431e-13,1.355962e-12,2.559509e-13,9.227971e-14,1.738789e-13
7.575250e+01,7.751297e-13,1.910576e-14,3.278677e-13,2.390978e-13,1.309701e-12,2.472187e-13,8.913142e-14,1.679467e-13
7.842822e+01,7.486848e-13,1.845393e-14,3.166819e-13,2.309405e-13,1.265018e-12,2.387844e-13,8.609055e-14,1.622169e-13
8.119845e+01,7.231421e-13,1.782434e-14,3.058778e-13,2.230616e-13,1.221860e-12,2.306378e-13,8.315341e-14,1.566826e-13
8.406653e+01,6.984708e-13,1.721623e-14,2.954422e-13,2.154514e-13,1.180174e-12,2.227692e-13,8.031649e-14,1.513371e-13
8.703591e+01,6.746412e-13,1.662887e-14,2.853627e-13,2.081009e-13,1.139910e-12,2.151691e-13,7.757635e-14,1.461740e-13
9.011018e+01,6.516247e-13,1.606155e-14,2.756270e-13,2.010012e-13,1.101020e-12,2.078282e-13,7.492969e-14,1.411870e-13
9.329304e+01,6.293933e-13,1.551358e-14,2.662235e-13,1.941437e-13,1.063457e-12,2.007378e-13,7.237333e-14,1.363701e-13
9.658832e+01,6.079204e-13,1.498431e-14,2.571408e-13,1.875201e-13,1.027175e-12,1.938892e-13,6.990419e-14,1.317176e-13
1.000000e+02,5.871801e-13,1.447309e-14,2.483680e-13,1.811225e-13,9.921311e-13,1.872744e-13,6.751928e-14,1.272238e-13
